length,prime
1,2
1,3
1,5
1,7
2,11
2,13
2,17
2,19
2,23
2,29
2,31
2,37
2,41
2,43
2,47
2,53
2,59
2,61
2,67
2,71
2,73
2,79
2,83
2,89
2,97
3,101
3,103
3,107
3,109
3,113
3,127
3,131
3,137
3,139
3,149
3,151
3,157
3,163
3,167
3,173
3,179
3,181
3,191
3,193
3,197
3,199
3,211
3,223
3,227
3,229
3,233
3,239
3,241
3,251
3,257
3,263
3,269
3,271
3,277
3,281
3,283
3,293
3,307
3,311
3,313
3,317
3,331
3,337
3,347
3,349
3,353
3,359
3,367
3,373
3,379
3,383
3,389
3,397
3,401
3,409
3,419
3,421
3,431
3,433
3,439
3,443
3,449
3,457
3,461
3,463
3,467
3,479
3,487
3,491
3,499
3,503
3,509
3,521
3,523
3,541
3,547
3,557
3,563
3,569
3,571
3,577
3,587
3,593
3,599
3,601
3,607
3,613
3,617
3,619
3,631
3,641
3,643
3,647
3,653
3,659
3,661
3,673
3,677
3,683
3,691
3,701
3,709
3,719
3,727
3,733
3,739
3,743
3,751
3,757
3,761
3,769
3,773
3,787
3,797
3,809
3,811
3,821
3,823
3,827
3,829
3,839
3,853
3,857
3,859
3,863
3,877
3,881
3,883
3,887
3,907
3,911
3,919
3,929
3,937
3,941
3,947
3,953
3,967
3,971
3,977
3,983
3,991
3,997
4,1009
4,1013
4,1019
4,1021
4,1031
4,1033
4,1039
4,1049
4,1051
4,1061
4,1063
4,1069
4,1087
4,1091
4,1093
4,1097
4,1103
4,1109
4,1117
4,1123
4,1129
4,1151
4,1153
4,1163
4,1171
4,1181
4,1187
4,1193
4,1201
4,1213
4,1217
4,1223
4,1229
4,1231
4,1237
4,1249
4,1259
4,1277
4,1279
4,1283
4,1289
4,1291
4,1297
4,1301
4,1303
4,1307
4,1319
4,1321
4,1327
4,1361
4,1367
4,1373
4,1381
4,1399
4,1409
4,1423
4,1427
4,1429
4,1433
4,1439
4,1447
4,1451
4,1453
4,1459
4,1471
4,1481
4,1483
4,1487
4,1489
4,1493
4,1499
4,1511
4,1523
4,1531
4,1543
4,1549
4,1553
4,1559
4,1567
4,1571
4,1579
4,1583
4,1597
4,1601
4,1607
4,1609
4,1613
4,1619
4,1621
4,1627
4,1637
4,1657
4,1663
4,1667
4,1669
4,1693
4,1697
4,1699
4,1709
4,1721
4,1723
4,1733
4,1741
4,1747
4,1753
4,1759
4,1777
4,1783
4,1787
4,1789
4,1801
4,1811
4,1823
4,1831
4,1847
4,1861
4,1867
4,1871
4,1873
4,1877
4,1879
4,1889
4,1901
4,1907
4,1913
4,1931
4,1933
4,1949
4,1951
4,1973
4,1979
4,1987
4,1993
4,1997
4,1999
4,2003
4,2011
4,2017
4,2027
4,2029
4,2039
4,2053
4,2063
4,2069
4,2081
4,2083
4,2087
4,2089
4,2099
4,2111
4,2113
4,2129
4,2131
4,2137
4,2141
4,2143
4,2153
4,2161
4,2179
4,2203
4,2207
4,2213
4,2221
4,2237
4,2239
4,2243
4,2251
4,2267
4,2269
4,2273
4,2281
4,2287
4,2293
4,2297
4,2309
4,2311
4,2333
4,2339
4,2341
4,2347
4,2351
4,2357
4,2371
4,2377
4,2381
4,2383
4,2389
4,2393
4,2399
4,2411
4,2417
4,2423
4,2437
4,2441
4,2447
4,2459
4,2467
4,2473
4,2477
4,2503
4,2521
4,2531
4,2539
4,2543
4,2549
4,2551
4,2557
4,2579
4,2591
4,2593
4,2609
4,2617
4,2621
4,2633
4,2647
4,2657
4,2659
4,2663
4,2671
4,2677
4,2683
4,2687
4,2689
4,2693
4,2699
4,2707
4,2711
4,2713
4,2719
4,2729
4,2731
4,2741
4,2749
4,2753
4,2767
4,2777
4,2789
4,2791
4,2797
4,2801
4,2803
4,2819
4,2833
4,2837
4,2843
4,2851
4,2857
4,2861
4,2879
4,2887
4,2897
4,2903
4,2909
4,2917
4,2927
4,2939
4,2953
4,2957
4,2963
4,2969
4,2971
4,2999
4,3001
4,3011
4,3019
4,3023
4,3037
4,3041
4,3049
4,3061
4,3067
4,3079
4,3083
4,3089
4,3109
4,3119
4,3121
4,3137
4,3163
4,3167
4,3169
4,3181
4,3187
4,3191
4,3203
4,3209
4,3217
4,3221
4,3229
4,3251
4,3253
4,3257
4,3259
4,3271
4,3299
4,3301
4,3307
4,3313
4,3319
4,3323
4,3329
4,3331
4,3343
4,3347
4,3359
4,3361
4,3371
4,3373
4,3389
4,3391
4,3407
4,3413
4,3433
4,3449
4,3457
4,3461
4,3463
4,3467
4,3469
4,3491
4,3499
4,3511
4,3517
4,3527
4,3529
4,3533
4,3539
4,3541
4,3547
4,3557
4,3559
4,3571
4,3581
4,3583
4,3593
4,3607
4,3613
4,3617
4,3623
4,3631
4,3637
4,3643
4,3659
4,3671
4,3673
4,3677
4,3691
4,3697
4,3701
4,3709
4,3719
4,3727
4,3733
4,3739
4,3761
4,3767
4,3769
4,3779
4,3793
4,3797
4,3803
4,3821
4,3823
4,3833
4,3847
4,3851
4,3853
4,3863
4,3877
4,3881
4,3889
4,3907
4,3911
4,3917
4,3919
4,3923
4,3929
4,3931
4,3943
4,3947
4,3967
4,3989
4,4001
4,4003
4,4007
4,4013
4,4019
4,4021
4,4027
4,4049
4,4051
4,4057
4,4073
4,4079
4,4091
4,4093
4,4099
4,4111
4,4127
4,4129
4,4133
4,4139
4,4153
4,4157
4,4159
4,4177
4,4201
4,4211
4,4217
4,4219
4,4229
4,4231
4,4241
4,4243
4,4253
4,4259
4,4261
4,4271
4,4273
4,4283
4,4289
4,4297
4,4327
4,4337
4,4339
4,4349
4,4357
4,4363
4,4373
4,4391
4,4397
4,4409
4,4421
4,4423
4,4441
4,4447
4,4451
4,4457
4,4463
4,4481
4,4483
4,4493
4,4507
4,4513
4,4517
4,4519
4,4523
4,4547
4,4549
4,4561
4,4567
4,4583
4,4591
4,4597
4,4603
4,4621
4,4637
4,4639
4,4643
4,4649
4,4651
4,4657
4,4663
4,4673
4,4679
4,4691
4,4703
4,4721
4,4723
4,4729
4,4733
4,4751
4,4759
4,4783
4,4787
4,4789
4,4793
4,4799
4,4801
4,4813
4,4817
4,4831
4,4861
4,4871
4,4877
4,4889
4,4903
4,4909
4,4919
4,4931
4,4933
4,4937
4,4943
4,4951
4,4957
4,4967
4,4969
4,4973
4,4987
4,4993
4,4999
4,5003
4,5009
4,5011
4,5021
4,5023
4,5039
4,5051
4,5059
4,5077
4,5081
4,5087
4,5099
4,5101
4,5107
4,5113
4,5119
4,5147
4,5153
4,5167
4,5171
4,5179
4,5189
4,5197
4,5209
4,5227
4,5231
4,5233
4,5237
4,5261
4,5273
4,5279
4,5281
4,5297
4,5303
4,5309
4,5323
4,5333
4,5347
4,5351
4,5381
4,5387
4,5393
4,5399
4,5407
4,5413
4,5417
4,5419
4,5431
4,5437
4,5441
4,5443
4,5449
4,5471
4,5477
4,5479
4,5483
4,5501
4,5503
4,5507
4,5519
4,5521
4,5527
4,5531
4,5557
4,5563
4,5569
4,5573
4,5581
4,5591
4,5623
4,5639
4,5641
4,5647
4,5651
4,5653
4,5657
4,5659
4,5669
4,5683
4,5689
4,5693
4,5701
4,5711
4,5717
4,5737
4,5741
4,5743
4,5749
4,5779
4,5783
4,5791
4,5801
4,5807
4,5813
4,5821
4,5827
4,5839
4,5843
4,5849
4,5851
4,5857
4,5861
4,5867
4,5869
4,5879
4,5881
4,5897
4,5903
4,5923
4,5927
4,5939
4,5953
4,5981
4,5987
4,6007
4,6011
4,6029
4,6037
4,6043
4,6047
4,6053
4,6067
4,6073
4,6079
4,6089
4,6091
4,6101
4,6113
4,6121
4,6131
4,6133
4,6143
4,6151
4,6163
4,6173
4,6197
4,6199
4,6203
4,6211
4,6217
4,6221
4,6229
4,6247
4,6257
4,6263
4,6269
4,6271
4,6277
4,6287
4,6299
4,6301
4,6311
4,6317
4,6323
4,6329
4,6337
4,6343
4,6353
4,6359
4,6361
4,6367
4,6373
4,6379
4,6389
4,6397
4,6421
4,6427
4,6449
4,6451
4,6469
4,6473
4,6481
4,6491
4,6521
4,6529
4,6547
4,6551
4,6553
4,6563
4,6569
4,6571
4,6577
4,6581
4,6599
4,6607
4,6619
4,6637
4,6653
4,6659
4,6661
4,6673
4,6679
4,6689
4,6691
4,6701
4,6703
4,6709
4,6719
4,6733
4,6737
4,6761
4,6763
4,6779
4,6781
4,6791
4,6793
4,6803
4,6823
4,6827
4,6829
4,6833
4,6841
4,6857
4,6863
4,6869
4,6871
4,6883
4,6899
4,6907
4,6911
4,6917
4,6947
4,6949
4,6959
4,6961
4,6967
4,6971
4,6977
4,6983
4,6991
4,6997
4,7001
4,7013
4,7019
4,7027
4,7039
4,7043
4,7057
4,7069
4,7079
4,7103
4,7109
4,7121
4,7127
4,7129
4,7151
4,7159
4,7177
4,7187
4,7193
4,7207
4,7211
4,7213
4,7219
4,7229
4,7237
4,7243
4,7247
4,7253
4,7283
4,7297
4,7307
4,7309
4,7321
4,7331
4,7333
4,7349
4,7351
4,7369
4,7393
4,7411
4,7417
4,7433
4,7451
4,7457
4,7459
4,7477
4,7481
4,7487
4,7489
4,7499
4,7507
4,7517
4,7523
4,7529
4,7537
4,7541
4,7547
4,7549
4,7559
4,7561
4,7573
4,7577
4,7583
4,7589
4,7591
4,7603
4,7607
4,7621
4,7639
4,7643
4,7649
4,7669
4,7673
4,7681
4,7687
4,7691
4,7699
4,7703
4,7717
4,7723
4,7727
4,7741
4,7753
4,7757
4,7759
4,7789
4,7793
4,7817
4,7823
4,7829
4,7841
4,7853
4,7867
4,7873
4,7877
4,7879
4,7883
4,7901
4,7907
4,7919
4,7927
4,7933
4,7937
4,7949
4,7951
4,7963
4,7993
4,8009
4,8011
4,8017
4,8039
4,8053
4,8059
4,8069
4,8081
4,8087
4,8089
4,8093
4,8101
4,8111
4,8117
4,8123
4,8147
4,8161
4,8167
4,8171
4,8179
4,8191
4,8209
4,8219
4,8221
4,8231
4,8233
4,8237
4,8243
4,8263
4,8269
4,8273
4,8287
4,8291
4,8293
4,8297
4,8311
4,8317
4,8329
4,8353
4,8363
4,8369
4,8377
4,8387
4,8389
4,8419
4,8423
4,8429
4,8431
4,8443
4,8447
4,8461
4,8467
4,8501
4,8513
4,8521
4,8527
4,8537
4,8539
4,8543
4,8563
4,8573
4,8581
4,8597
4,8599
4,8609
4,8623
4,8627
4,8629
4,8641
4,8647
4,8663
4,8669
4,8677
4,8681
4,8689
4,8693
4,8699
4,8707
4,8713
4,8719
4,8731
4,8737
4,8741
4,8747
4,8753
4,8761
4,8779
4,8783
4,8803
4,8807
4,8819
4,8821
4,8831
4,8837
4,8839
4,8849
4,8861
4,8863
4,8867
4,8887
4,8893
4,8923
4,8929
4,8933
4,8941
4,8951
4,8963
4,8969
4,8971
4,8999
4,9001
4,9007
4,9011
4,9013
4,9029
4,9041
4,9043
4,9049
4,9059
4,9067
4,9091
4,9103
4,9109
4,9127
4,9133
4,9137
4,9151
4,9157
4,9161
4,9173
4,9181
4,9187
4,9199
4,9203
4,9209
4,9221
4,9227
4,9239
4,9241
4,9257
4,9277
4,9281
4,9283
4,9293
4,9311
4,9319
4,9323
4,9337
4,9341
4,9343
4,9349
4,9371
4,9377
4,9391
4,9397
4,9403
4,9413
4,9419
4,9421
4,9431
4,9433
4,9437
4,9439
4,9461
4,9463
4,9467
4,9473
4,9479
4,9491
4,9497
4,9511
4,9521
4,9533
4,9539
4,9547
4,9551
4,9587
4,9601
4,9613
4,9619
4,9623
4,9629
4,9631
4,9643
4,9649
4,9661
4,9677
4,9679
4,9689
4,9697
4,9719
4,9721
4,9733
4,9739
4,9743
4,9749
4,9767
4,9769
4,9781
4,9787
4,9791
4,9803
4,9811
4,9817
4,9829
4,9833
4,9839
4,9851
4,9857
4,9859
4,9871
4,9883
4,9887
4,9901
4,9907
4,9923
4,9929
4,9931
4,9941
4,9949
4,9967
4,9973
5,10007
5,10009
5,10037
5,10039
5,10061
5,10067
5,10069
5,10079
5,10091
5,10093
5,10099
5,10103
5,10111
5,10133
5,10139
5,10141
5,10151
5,10159
5,10163
5,10169
5,10177
5,10181
5,10193
5,10211
5,10223
5,10243
5,10247
5,10253
5,10259
5,10267
5,10271
5,10273
5,10289
5,10301
5,10303
5,10313
5,10321
5,10331
5,10333
5,10337
5,10343
5,10357
5,10369
5,10391
5,10399
5,10427
5,10429
5,10433
5,10453
5,10457
5,10459
5,10463
5,10477
5,10487
5,10499
5,10501
5,10513
5,10529
5,10531
5,10559
5,10567
5,10589
5,10597
5,10601
5,10607
5,10613
5,10627
5,10631
5,10639
5,10651
5,10657
5,10663
5,10667
5,10687
5,10691
5,10709
5,10711
5,10723
5,10729
5,10733
5,10739
5,10753
5,10771
5,10781
5,10789
5,10799
5,10831
5,10837
5,10847
5,10853
5,10859
5,10861
5,10867
5,10883
5,10889
5,10891
5,10903
5,10909
5,10937
5,10939
5,10949
5,10957
5,10973
5,10979
5,10987
5,10993
5,11003
5,11027
5,11047
5,11057
5,11059
5,11069
5,11071
5,11083
5,11087
5,11093
5,11113
5,11117
5,11119
5,11131
5,11149
5,11159
5,11161
5,11171
5,11173
5,11177
5,11197
5,11213
5,11239
5,11243
5,11251
5,11257
5,11261
5,11273
5,11279
5,11287
5,11299
5,11311
5,11317
5,11321
5,11329
5,11351
5,11353
5,11369
5,11383
5,11393
5,11399
5,11411
5,11423
5,11437
5,11443
5,11447
5,11467
5,11471
5,11483
5,11489
5,11491
5,11497
5,11503
5,11519
5,11527
5,11549
5,11551
5,11579
5,11587
5,11593
5,11597
5,11617
5,11621
5,11633
5,11657
5,11677
5,11681
5,11689
5,11699
5,11701
5,11717
5,11719
5,11731
5,11743
5,11777
5,11779
5,11783
5,11789
5,11801
5,11807
5,11813
5,11821
5,11827
5,11831
5,11833
5,11839
5,11863
5,11867
5,11887
5,11897
5,11903
5,11909
5,11923
5,11927
5,11933
5,11939
5,11941
5,11953
5,11959
5,11969
5,11971
5,11981
5,11987
5,12007
5,12011
5,12037
5,12041
5,12043
5,12049
5,12071
5,12073
5,12097
5,12101
5,12107
5,12109
5,12113
5,12119
5,12143
5,12149
5,12157
5,12161
5,12163
5,12197
5,12203
5,12211
5,12227
5,12239
5,12241
5,12251
5,12253
5,12263
5,12269
5,12277
5,12281
5,12289
5,12301
5,12323
5,12329
5,12343
5,12347
5,12373
5,12377
5,12379
5,12391
5,12401
5,12409
5,12413
5,12421
5,12433
5,12437
5,12451
5,12457
5,12473
5,12479
5,12487
5,12491
5,12497
5,12503
5,12511
5,12517
5,12527
5,12539
5,12541
5,12547
5,12553
5,12569
5,12577
5,12583
5,12589
5,12601
5,12611
5,12613
5,12619
5,12637
5,12641
5,12647
5,12653
5,12659
5,12671
5,12689
5,12697
5,12703
5,12713
5,12721
5,12739
5,12743
5,12757
5,12763
5,12781
5,12791
5,12799
5,12809
5,12821
5,12823
5,12829
5,12841
5,12853
5,12889
5,12893
5,12899
5,12907
5,12911
5,12917
5,12919
5,12923
5,12941
5,12953
5,12959
5,12967
5,12973
5,12979
5,12983
5,13001
5,13003
5,13007
5,13009
5,13033
5,13037
5,13043
5,13049
5,13063
5,13093
5,13099
5,13103
5,13109
5,13121
5,13127
5,13147
5,13151
5,13159
5,13163
5,13171
5,13177
5,13183
5,13187
5,13217
5,13219
5,13229
5,13241
5,13249
5,13259
5,13267
5,13291
5,13297
5,13309
5,13313
5,13327
5,13331
5,13337
5,13339
5,13367
5,13381
5,13397
5,13399
5,13411
5,13417
5,13421
5,13441
5,13451
5,13457
5,13463
5,13469
5,13477
5,13487
5,13499
5,13513
5,13523
5,13537
5,13553
5,13567
5,13577
5,13591
5,13597
5,13613
5,13619
5,13627
5,13633
5,13649
5,13669
5,13679
5,13681
5,13687
5,13691
5,13693
5,13697
5,13709
5,13711
5,13721
5,13723
5,13729
5,13751
5,13757
5,13759
5,13763
5,13781
5,13789
5,13799
5,13807
5,13829
5,13831
5,13841
5,13859
5,13873
5,13877
5,13879
5,13883
5,13901
5,13903
5,13907
5,13913
5,13921
5,13931
5,13933
5,13963
5,13967
5,13997
5,13999
5,14009
5,14011
5,14029
5,14033
5,14051
5,14057
5,14071
5,14081
5,14083
5,14087
5,14107
5,14143
5,14149
5,14153
5,14159
5,14173
5,14177
5,14197
5,14207
5,14221
5,14243
5,14249
5,14251
5,14281
5,14293
5,14303
5,14321
5,14323
5,14327
5,14341
5,14347
5,14369
5,14387
5,14389
5,14401
5,14407
5,14411
5,14419
5,14423
5,14431
5,14437
5,14447
5,14449
5,14461
5,14479
5,14489
5,14503
5,14519
5,14533
5,14537
5,14543
5,14549
5,14551
5,14557
5,14561
5,14563
5,14591
5,14593
5,14621
5,14627
5,14629
5,14633
5,14639
5,14653
5,14657
5,14669
5,14683
5,14699
5,14713
5,14717
5,14723
5,14731
5,14737
5,14741
5,14747
5,14753
5,14759
5,14767
5,14771
5,14779
5,14783
5,14797
5,14813
5,14821
5,14827
5,14831
5,14843
5,14851
5,14867
5,14869
5,14879
5,14887
5,14891
5,14897
5,14923
5,14929
5,14939
5,14947
5,14951
5,14957
5,14969
5,14983
5,15013
5,15017
5,15031
5,15053
5,15061
5,15073
5,15077
5,15083
5,15091
5,15101
5,15107
5,15121
5,15131
5,15137
5,15139
5,15149
5,15161
5,15173
5,15187
5,15193
5,15199
5,15217
5,15227
5,15233
5,15241
5,15259
5,15263
5,15269
5,15271
5,15277
5,15287
5,15289
5,15299
5,15307
5,15313
5,15319
5,15329
5,15331
5,15349
5,15359
5,15361
5,15373
5,15377
5,15383
5,15391
5,15401
5,15413
5,15427
5,15439
5,15443
5,15451
5,15461
5,15467
5,15473
5,15493
5,15497
5,15511
5,15527
5,15541
5,15551
5,15559
5,15569
5,15581
5,15583
5,15601
5,15607
5,15619
5,15629
5,15641
5,15643
5,15647
5,15649
5,15661
5,15667
5,15671
5,15679
5,15683
5,15727
5,15731
5,15733
5,15737
5,15739
5,15749
5,15761
5,15767
5,15773
5,15787
5,15791
5,15797
5,15803
5,15809
5,15817
5,15823
5,15859
5,15877
5,15881
5,15887
5,15889
5,15901
5,15907
5,15913
5,15919
5,15923
5,15937
5,15959
5,15971
5,15973
5,15991
5,16001
5,16007
5,16033
5,16057
5,16061
5,16063
5,16067
5,16069
5,16073
5,16087
5,16091
5,16097
5,16103
5,16111
5,16127
5,16139
5,16141
5,16183
5,16187
5,16189
5,16193
5,16217
5,16223
5,16229
5,16231
5,16249
5,16253
5,16267
5,16273
5,16301
5,16319
5,16333
5,16339
5,16349
5,16361
5,16363
5,16369
5,16381
5,16411
5,16417
5,16421
5,16427
5,16433
5,16447
5,16451
5,16453
5,16477
5,16481
5,16487
5,16493
5,16519
5,16529
5,16547
5,16553
5,16561
5,16567
5,16573
5,16603
5,16607
5,16619
5,16631
5,16633
5,16649
5,16651
5,16657
5,16661
5,16673
5,16691
5,16693
5,16699
5,16703
5,16729
5,16741
5,16747
5,16759
5,16763
5,16787
5,16811
5,16823
5,16829
5,16831
5,16843
5,16871
5,16879
5,16883
5,16889
5,16901
5,16903
5,16921
5,16927
5,16931
5,16937
5,16943
5,16963
5,16979
5,16981
5,16987
5,16993
5,17011
5,17021
5,17027
5,17029
5,17033
5,17041
5,17047
5,17053
5,17077
5,17093
5,17099
5,17107
5,17117
5,17123
5,17137
5,17159
5,17167
5,17183
5,17189
5,17191
5,17203
5,17207
5,17209
5,17231
5,17239
5,17257
5,17291
5,17293
5,17299
5,17317
5,17321
5,17327
5,17333
5,17341
5,17351
5,17359
5,17377
5,17383
5,17387
5,17389
5,17393
5,17401
5,17417
5,17419
5,17431
5,17443
5,17449
5,17467
5,17471
5,17477
5,17483
5,17489
5,17491
5,17497
5,17509
5,17519
5,17539
5,17551
5,17569
5,17573
5,17579
5,17581
5,17597
5,17599
5,17609
5,17623
5,17627
5,17657
5,17659
5,17669
5,17681
5,17683
5,17707
5,17713
5,17729
5,17737
5,17747
5,17749
5,17761
5,17783
5,17789
5,17791
5,17807
5,17827
5,17837
5,17839
5,17851
5,17863
5,17881
5,17891
5,17903
5,17909
5,17911
5,17921
5,17923
5,17929
5,17939
5,17957
5,17959
5,17971
5,17977
5,17981
5,17987
5,17989
5,18013
5,18041
5,18043
5,18047
5,18049
5,18059
5,18061
5,18077
5,18089
5,18097
5,18119
5,18121
5,18127
5,18131
5,18133
5,18143
5,18149
5,18169
5,18181
5,18191
5,18199
5,18211
5,18217
5,18223
5,18229
5,18233
5,18251
5,18253
5,18257
5,18269
5,18287
5,18289
5,18301
5,18307
5,18311
5,18313
5,18329
5,18341
5,18353
5,18367
5,18371
5,18379
5,18397
5,18401
5,18413
5,18427
5,18433
5,18439
5,18443
5,18451
5,18457
5,18461
5,18481
5,18493
5,18503
5,18517
5,18521
5,18523
5,18539
5,18541
5,18553
5,18583
5,18587
5,18593
5,18617
5,18637
5,18661
5,18671
5,18679
5,18691
5,18701
5,18713
5,18719
5,18731
5,18743
5,18749
5,18757
5,18773
5,18787
5,18793
5,18797
5,18803
5,18839
5,18859
5,18869
5,18899
5,18911
5,18913
5,18917
5,18919
5,18947
5,18959
5,18973
5,18979
5,19001
5,19009
5,19013
5,19031
5,19037
5,19051
5,19069
5,19073
5,19079
5,19081
5,19087
5,19121
5,19139
5,19141
5,19157
5,19163
5,19181
5,19183
5,19207
5,19211
5,19213
5,19219
5,19231
5,19237
5,19249
5,19259
5,19267
5,19273
5,19289
5,19301
5,19309
5,19319
5,19333
5,19373
5,19379
5,19381
5,19387
5,19391
5,19403
5,19417
5,19421
5,19423
5,19427
5,19429
5,19433
5,19441
5,19447
5,19457
5,19463
5,19469
5,19471
5,19477
5,19483
5,19489
5,19501
5,19507
5,19531
5,19541
5,19543
5,19553
5,19559
5,19571
5,19577
5,19583
5,19597
5,19603
5,19609
5,19661
5,19681
5,19687
5,19697
5,19699
5,19709
5,19717
5,19727
5,19739
5,19751
5,19753
5,19759
5,19763
5,19777
5,19793
5,19801
5,19813
5,19819
5,19841
5,19843
5,19853
5,19861
5,19867
5,19889
5,19891
5,19913
5,19919
5,19927
5,19937
5,19949
5,19961
5,19963
5,19973
5,19979
5,19991
5,19993
5,19997
5,20011
5,20021
5,20023
5,20029
5,20047
5,20051
5,20063
5,20071
5,20089
5,20101
5,20107
5,20113
5,20117
5,20123
5,20129
5,20143
5,20147
5,20149
5,20161
5,20173
5,20177
5,20183
5,20201
5,20219
5,20231
5,20233
5,20249
5,20261
5,20269
5,20287
5,20297
5,20323
5,20327
5,20333
5,20341
5,20347
5,20353
5,20357
5,20359
5,20369
5,20389
5,20393
5,20399
5,20407
5,20411
5,20431
5,20441
5,20443
5,20477
5,20479
5,20483
5,20507
5,20509
5,20521
5,20533
5,20543
5,20549
5,20551
5,20563
5,20593
5,20599
5,20611
5,20627
5,20639
5,20641
5,20663
5,20681
5,20693
5,20707
5,20717
5,20719
5,20731
5,20743
5,20747
5,20749
5,20753
5,20759
5,20771
5,20773
5,20789
5,20807
5,20809
5,20849
5,20857
5,20873
5,20879
5,20887
5,20897
5,20899
5,20903
5,20921
5,20929
5,20939
5,20947
5,20959
5,20963
5,20981
5,20983
5,21001
5,21011
5,21013
5,21017
5,21019
5,21023
5,21031
5,21059
5,21061
5,21067
5,21089
5,21101
5,21107
5,21121
5,21139
5,21143
5,21149
5,21157
5,21163
5,21169
5,21179
5,21187
5,21191
5,21193
5,21211
5,21221
5,21227
5,21247
5,21269
5,21277
5,21283
5,21313
5,21317
5,21319
5,21323
5,21341
5,21347
5,21377
5,21379
5,21383
5,21391
5,21397
5,21401
5,21407
5,21419
5,21433
5,21467
5,21481
5,21487
5,21491
5,21493
5,21499
5,21503
5,21517
5,21521
5,21523
5,21529
5,21557
5,21559
5,21563
5,21569
5,21577
5,21587
5,21589
5,21599
5,21601
5,21611
5,21613
5,21617
5,21647
5,21649
5,21661
5,21673
5,21683
5,21701
5,21713
5,21727
5,21737
5,21739
5,21751
5,21757
5,21767
5,21773
5,21787
5,21799
5,21803
5,21817
5,21821
5,21839
5,21841
5,21851
5,21859
5,21863
5,21871
5,21881
5,21893
5,21911
5,21929
5,21937
5,21943
5,21961
5,21977
5,21991
5,21997
5,22003
5,22013
5,22027
5,22031
5,22037
5,22039
5,22051
5,22063
5,22067
5,22073
5,22079
5,22091
5,22093
5,22109
5,22111
5,22123
5,22129
5,22133
5,22147
5,22153
5,22157
5,22159
5,22171
5,22189
5,22193
5,22229
5,22247
5,22259
5,22271
5,22273
5,22277
5,22279
5,22283
5,22291
5,22303
5,22307
5,22343
5,22349
5,22367
5,22369
5,22381
5,22391
5,22397
5,22409
5,22433
5,22441
5,22447
5,22453
5,22469
5,22481
5,22483
5,22501
5,22511
5,22531
5,22541
5,22543
5,22549
5,22567
5,22571
5,22573
5,22613
5,22619
5,22621
5,22637
5,22639
5,22643
5,22651
5,22669
5,22679
5,22691
5,22697
5,22699
5,22709
5,22717
5,22721
5,22727
5,22739
5,22741
5,22751
5,22769
5,22777
5,22783
5,22787
5,22807
5,22811
5,22817
5,22853
5,22859
5,22861
5,22871
5,22877
5,22901
5,22907
5,22921
5,22937
5,22943
5,22961
5,22963
5,22973
5,22993
5,23003
5,23011
5,23017
5,23021
5,23027
5,23029
5,23039
5,23041
5,23053
5,23057
5,23059
5,23063
5,23071
5,23081
5,23087
5,23099
5,23117
5,23131
5,23143
5,23159
5,23167
5,23173
5,23189
5,23197
5,23201
5,23203
5,23209
5,23227
5,23251
5,23269
5,23279
5,23291
5,23293
5,23297
5,23311
5,23321
5,23327
5,23333
5,23339
5,23357
5,23369
5,23371
5,23399
5,23417
5,23431
5,23447
5,23459
5,23473
5,23497
5,23509
5,23531
5,23537
5,23539
5,23549
5,23557
5,23561
5,23563
5,23567
5,23581
5,23593
5,23599
5,23603
5,23609
5,23623
5,23627
5,23629
5,23633
5,23663
5,23669
5,23671
5,23677
5,23687
5,23689
5,23719
5,23741
5,23743
5,23747
5,23753
5,23761
5,23767
5,23773
5,23789
5,23801
5,23813
5,23819
5,23827
5,23831
5,23833
5,23857
5,23869
5,23873
5,23879
5,23887
5,23893
5,23899
5,23909
5,23911
5,23917
5,23929
5,23957
5,23971
5,23977
5,23981
5,23993
5,24001
5,24007
5,24019
5,24023
5,24029
5,24043
5,24049
5,24061
5,24071
5,24077
5,24083
5,24091
5,24097
5,24103
5,24107
5,24109
5,24113
5,24121
5,24133
5,24137
5,24151
5,24169
5,24179
5,24181
5,24197
5,24203
5,24223
5,24229
5,24239
5,24247
5,24251
5,24281
5,24317
5,24329
5,24337
5,24359
5,24371
5,24373
5,24379
5,24391
5,24407
5,24413
5,24419
5,24421
5,24439
5,24443
5,24469
5,24473
5,24481
5,24499
5,24509
5,24517
5,24527
5,24533
5,24547
5,24551
5,24571
5,24593
5,24611
5,24623
5,24631
5,24659
5,24671
5,24677
5,24683
5,24691
5,24697
5,24709
5,24733
5,24749
5,24763
5,24767
5,24781
5,24793
5,24799
5,24809
5,24821
5,24841
5,24847
5,24851
5,24859
5,24877
5,24889
5,24907
5,24917
5,24919
5,24923
5,24943
5,24953
5,24967
5,24971
5,24977
5,24979
5,24989
5,25013
5,25031
5,25033
5,25037
5,25057
5,25073
5,25087
5,25097
5,25111
5,25117
5,25121
5,25127
5,25147
5,25153
5,25163
5,25169
5,25171
5,25183
5,25189
5,25219
5,25229
5,25237
5,25243
5,25247
5,25253
5,25261
5,25301
5,25303
5,25307
5,25309
5,25321
5,25339
5,25343
5,25349
5,25357
5,25367
5,25373
5,25391
5,25409
5,25411
5,25423
5,25439
5,25447
5,25453
5,25457
5,25463
5,25469
5,25471
5,25523
5,25537
5,25541
5,25561
5,25577
5,25579
5,25583
5,25589
5,25601
5,25603
5,25609
5,25621
5,25633
5,25639
5,25643
5,25657
5,25667
5,25673
5,25679
5,25693
5,25703
5,25717
5,25733
5,25741
5,25747
5,25759
5,25763
5,25771
5,25793
5,25799
5,25801
5,25819
5,25841
5,25847
5,25849
5,25867
5,25873
5,25889
5,25903
5,25913
5,25919
5,25931
5,25933
5,25939
5,25943
5,25951
5,25969
5,25981
5,25997
5,25999
5,26003
5,26017
5,26021
5,26029
5,26041
5,26053
5,26083
5,26099
5,26107
5,26111
5,26113
5,26119
5,26141
5,26153
5,26161
5,26171
5,26177
5,26183
5,26189
5,26203
5,26209
5,26227
5,26237
5,26249
5,26251
5,26261
5,26263
5,26267
5,26293
5,26297
5,26309
5,26317
5,26321
5,26339
5,26347
5,26357
5,26371
5,26387
5,26393
5,26399
5,26407
5,26417
5,26423
5,26431
5,26437
5,26449
5,26459
5,26479
5,26489
5,26497
5,26501
5,26513
5,26539
5,26557
5,26561
5,26573
5,26591
5,26597
5,26627
5,26633
5,26641
5,26647
5,26669
5,26681
5,26683
5,26687
5,26693
5,26699
5,26701
5,26711
5,26713
5,26717
5,26723
5,26729
5,26731
5,26737
5,26759
5,26777
5,26783
5,26801
5,26813
5,26821
5,26833
5,26839
5,26849
5,26861
5,26863
5,26879
5,26881
5,26891
5,26893
5,26903
5,26921
5,26927
5,26947
5,26951
5,26953
5,26959
5,26981
5,26987
5,26993
5,27011
5,27017
5,27031
5,27043
5,27059
5,27061
5,27067
5,27073
5,27077
5,27091
5,27103
5,27107
5,27109
5,27127
5,27143
5,27179
5,27191
5,27197
5,27211
5,27239
5,27241
5,27253
5,27259
5,27271
5,27277
5,27281
5,27283
5,27299
5,27329
5,27337
5,27361
5,27367
5,27397
5,27407
5,27409
5,27427
5,27431
5,27437
5,27449
5,27457
5,27479
5,27481
5,27487
5,27509
5,27527
5,27529
5,27539
5,27541
5,27551
5,27581
5,27583
5,27611
5,27617
5,27631
5,27647
5,27653
5,27673
5,27689
5,27691
5,27697
5,27701
5,27733
5,27737
5,27739
5,27743
5,27749
5,27751
5,27763
5,27767
5,27773
5,27779
5,27791
5,27793
5,27799
5,27803
5,27809
5,27817
5,27823
5,27827
5,27847
5,27851
5,27883
5,27893
5,27901
5,27917
5,27919
5,27941
5,27943
5,27947
5,27953
5,27961
5,27967
5,27983
5,27997
5,28001
5,28019
5,28027
5,28031
5,28051
5,28057
5,28069
5,28081
5,28087
5,28097
5,28099
5,28109
5,28111
5,28123
5,28151
5,28163
5,28181
5,28183
5,28201
5,28211
5,28219
5,28229
5,28277
5,28279
5,28283
5,28289
5,28297
5,28307
5,28309
5,28319
5,28349
5,28351
5,28387
5,28393
5,28403
5,28409
5,28411
5,28429
5,28433
5,28439
5,28447
5,28463
5,28477
5,28493
5,28499
5,28513
5,28517
5,28537
5,28541
5,28547
5,28549
5,28559
5,28571
5,28573
5,28579
5,28591
5,28597
5,28603
5,28607
5,28619
5,28621
5,28627
5,28631
5,28643
5,28649
5,28657
5,28661
5,28663
5,28669
5,28687
5,28697
5,28703
5,28711
5,28723
5,28729
5,28751
5,28753
5,28759
5,28771
5,28789
5,28793
5,28807
5,28813
5,28817
5,28837
5,28843
5,28859
5,28867
5,28871
5,28879
5,28901
5,28909
5,28921
5,28927
5,28933
5,28949
5,28961
5,28979
5,29009
5,29017
5,29021
5,29023
5,29027
5,29033
5,29059
5,29063
5,29077
5,29101
5,29123
5,29129
5,29131
5,29137
5,29147
5,29153
5,29167
5,29173
5,29179
5,29191
5,29201
5,29207
5,29209
5,29221
5,29231
5,29243
5,29251
5,29269
5,29287
5,29297
5,29303
5,29311
5,29327
5,29333
5,29339
5,29347
5,29363
5,29383
5,29387
5,29389
5,29399
5,29401
5,29411
5,29423
5,29429
5,29437
5,29443
5,29453
5,29473
5,29483
5,29501
5,29527
5,29531
5,29537
5,29567
5,29569
5,29573
5,29581
5,29587
5,29599
5,29611
5,29629
5,29633
5,29641
5,29663
5,29669
5,29671
5,29683
5,29717
5,29723
5,29741
5,29753
5,29759
5,29761
5,29789
5,29803
5,29819
5,29833
5,29837
5,29851
5,29863
5,29867
5,29873
5,29879
5,29881
5,29917
5,29921
5,29927
5,29947
5,29959
5,29983
5,29989
5,30011
5,30013
5,30029
5,30047
5,30059
5,30071
5,30089
5,30091
5,30097
5,30103
5,30109
5,30113
5,30119
5,30133
5,30137
5,30139
5,30161
5,30169
5,30181
5,30187
5,30197
5,30203
5,30211
5,30223
5,30241
5,30253
5,30259
5,30269
5,30271
5,30293
5,30307
5,30313
5,30319
5,30323
5,30341
5,30347
5,30367
5,30389
5,30391
5,30403
5,30427
5,30431
5,30449
5,30467
5,30469
5,30491
5,30493
5,30497
5,30509
5,30517
5,30529
5,30539
5,30553
5,30557
5,30559
5,30577
5,30593
5,30631
5,30637
5,30643
5,30649
5,30661
5,30671
5,30677
5,30689
5,30697
5,30703
5,30707
5,30713
5,30727
5,30757
5,30763
5,30773
5,30781
5,30803
5,30809
5,30817
5,30829
5,30839
5,30841
5,30851
5,30853
5,30859
5,30869
5,30871
5,30881
5,30893
5,30911
5,30931
5,30937
5,30941
5,30949
5,30971
5,30977
5,30983
5,31013
5,31019
5,31033
5,31039
5,31051
5,31063
5,31069
5,31079
5,31081
5,31091
5,31121
5,31123
5,31139
5,31147
5,31151
5,31153
5,31159
5,31177
5,31181
5,31183
5,31189
5,31193
5,31219
5,31223
5,31231
5,31237
5,31247
5,31249
5,31253
5,31259
5,31267
5,31271
5,31277
5,31307
5,31319
5,31321
5,31327
5,31333
5,31337
5,31357
5,31379
5,31387
5,31391
5,31393
5,31397
5,31469
5,31477
5,31481
5,31489
5,31511
5,31513
5,31517
5,31531
5,31541
5,31543
5,31547
5,31567
5,31573
5,31583
5,31601
5,31607
5,31627
5,31643
5,31649
5,31657
5,31663
5,31667
5,31687
5,31699
5,31721
5,31723
5,31727
5,31729
5,31741
5,31751
5,31769
5,31771
5,31793
5,31799
5,31817
5,31847
5,31849
5,31859
5,31873
5,31883
5,31891
5,31907
5,31957
5,31963
5,31973
5,31981
5,31991
5,32003
5,32009
5,32027
5,32029
5,32051
5,32057
5,32059
5,32063
5,32069
5,32077
5,32083
5,32089
5,32099
5,32117
5,32119
5,32141
5,32143
5,32159
5,32173
5,32183
5,32189
5,32191
5,32203
5,32213
5,32233
5,32237
5,32251
5,32257
5,32261
5,32297
5,32299
5,32303
5,32309
5,32321
5,32323
5,32327
5,32341
5,32353
5,32359
5,32363
5,32369
5,32371
5,32377
5,32381
5,32401
5,32411
5,32413
5,32423
5,32429
5,32441
5,32443
5,32467
5,32479
5,32491
5,32497
5,32503
5,32507
5,32531
5,32533
5,32537
5,32561
5,32563
5,32569
5,32573
5,32579
5,32587
5,32603
5,32609
5,32611
5,32621
5,32633
5,32647
5,32653
5,32687
5,32693
5,32707
5,32713
5,32717
5,32719
5,32749
5,32771
5,32779
5,32783
5,32789
5,32797
5,32801
5,32803
5,32831
5,32833
5,32839
5,32843
5,32869
5,32887
5,32909
5,32911
5,32917
5,32933
5,32939
5,32941
5,32957
5,32969
5,32971
5,32983
5,32987
5,32993
5,32999
5,33013
5,33023
5,33029
5,33037
5,33049
5,33053
5,33071
5,33073
5,33083
5,33091
5,33107
5,33113
5,33119
5,33149
5,33151
5,33161
5,33179
5,33181
5,33191
5,33199
5,33203
5,33211
5,33223
5,33247
5,33287
5,33289
5,33301
5,33311
5,33317
5,33329
5,33331
5,33343
5,33347
5,33349
5,33353
5,33359
5,33377
5,33391
5,33403
5,33409
5,33413
5,33427
5,33457
5,33461
5,33469
5,33479
5,33487
5,33493
5,33503
5,33521
5,33529
5,33533
5,33547
5,33563
5,33569
5,33577
5,33581
5,33587
5,33589
5,33599
5,33601
5,33613
5,33617
5,33619
5,33623
5,33629
5,33637
5,33641
5,33647
5,33679
5,33703
5,33713
5,33721
5,33739
5,33749
5,33751
5,33757
5,33767
5,33769
5,33773
5,33791
5,33797
5,33809
5,33811
5,33827
5,33829
5,33851
5,33857
5,33863
5,33871
5,33889
5,33893
5,33911
5,33923
5,33931
5,33937
5,33941
5,33961
5,33967
5,33997
5,34019
5,34031
5,34033
5,34039
5,34057
5,34061
5,34123
5,34127
5,34129
5,34141
5,34147
5,34157
5,34159
5,34171
5,34183
5,34211
5,34213
5,34217
5,34231
5,34253
5,34259
5,34261
5,34267
5,34273
5,34283
5,34297
5,34301
5,34303
5,34313
5,34319
5,34327
5,34337
5,34351
5,34361
5,34367
5,34369
5,34381
5,34403
5,34421
5,34429
5,34439
5,34457
5,34469
5,34471
5,34483
5,34487
5,34499
5,34501
5,34511
5,34513
5,34519
5,34537
5,34543
5,34549
5,34583
5,34589
5,34591
5,34603
5,34607
5,34613
5,34631
5,34649
5,34651
5,34667
5,34673
5,34679
5,34687
5,34693
5,34703
5,34721
5,34729
5,34739
5,34747
5,34757
5,34759
5,34763
5,34781
5,34807
5,34819
5,34841
5,34843
5,34847
5,34849
5,34871
5,34877
5,34883
5,34897
5,34913
5,34919
5,34939
5,34949
5,34961
5,34963
5,34981
5,35023
5,35027
5,35051
5,35053
5,35059
5,35069
5,35081
5,35083
5,35089
5,35099
5,35107
5,35111
5,35117
5,35129
5,35141
5,35149
5,35153
5,35159
5,35171
5,35201
5,35221
5,35227
5,35251
5,35257
5,35267
5,35279
5,35281
5,35291
5,35311
5,35317
5,35323
5,35327
5,35339
5,35353
5,35363
5,35381
5,35393
5,35401
5,35407
5,35419
5,35423
5,35437
5,35447
5,35449
5,35461
5,35491
5,35507
5,35509
5,35521
5,35527
5,35531
5,35533
5,35537
5,35543
5,35569
5,35573
5,35591
5,35593
5,35597
5,35603
5,35617
5,35671
5,35677
5,35729
5,35731
5,35747
5,35753
5,35759
5,35771
5,35797
5,35801
5,35803
5,35809
5,35831
5,35837
5,35839
5,35851
5,35863
5,35869
5,35879
5,35897
5,35899
5,35911
5,35923
5,35933
5,35951
5,35963
5,35969
5,35977
5,35983
5,35993
5,35999
5,36007
5,36011
5,36013
5,36017
5,36037
5,36061
5,36067
5,36073
5,36083
5,36097
5,36107
5,36109
5,36131
5,36137
5,36151
5,36161
5,36187
5,36191
5,36209
5,36217
5,36229
5,36241
5,36251
5,36263
5,36269
5,36277
5,36293
5,36299
5,36307
5,36313
5,36319
5,36341
5,36343
5,36353
5,36373
5,36383
5,36389
5,36433
5,36451
5,36457
5,36467
5,36469
5,36473
5,36479
5,36493
5,36497
5,36523
5,36527
5,36529
5,36541
5,36551
5,36559
5,36563
5,36571
5,36583
5,36587
5,36599
5,36607
5,36629
5,36637
5,36643
5,36653
5,36671
5,36677
5,36683
5,36691
5,36697
5,36709
5,36713
5,36721
5,36739
5,36749
5,36761
5,36767
5,36779
5,36781
5,36787
5,36791
5,36793
5,36809
5,36821
5,36833
5,36847
5,36857
5,36871
5,36877
5,36887
5,36899
5,36901
5,36913
5,36919
5,36923
5,36929
5,36931
5,36943
5,36947
5,36973
5,36979
5,36997
5,37003
5,37013
5,37019
5,37021
5,37039
5,37049
5,37057
5,37061
5,37087
5,37097
5,37117
5,37123
5,37139
5,37159
5,37171
5,37181
5,37189
5,37199
5,37201
5,37217
5,37223
5,37243
5,37253
5,37273
5,37277
5,37307
5,37309
5,37313
5,37321
5,37337
5,37339
5,37357
5,37361
5,37363
5,37369
5,37379
5,37397
5,37409
5,37423
5,37441
5,37447
5,37463
5,37483
5,37489
5,37493
5,37501
5,37507
5,37511
5,37517
5,37529
5,37537
5,37547
5,37549
5,37561
5,37567
5,37571
5,37573
5,37579
5,37589
5,37591
5,37607
5,37619
5,37633
5,37643
5,37649
5,37657
5,37663
5,37691
5,37693
5,37699
5,37717
5,37747
5,37781
5,37783
5,37799
5,37811
5,37813
5,37831
5,37847
5,37853
5,37861
5,37871
5,37879
5,37889
5,37897
5,37907
5,37951
5,37957
5,37963
5,37967
5,37987
5,37991
5,37993
5,37997
5,38011
5,38039
5,38047
5,38053
5,38069
5,38083
5,38113
5,38119
5,38149
5,38153
5,38167
5,38177
5,38183
5,38189
5,38197
5,38201
5,38219
5,38231
5,38237
5,38239
5,38261
5,38273
5,38281
5,38287
5,38299
5,38303
5,38317
5,38321
5,38327
5,38329
5,38333
5,38351
5,38371
5,38377
5,38393
5,38431
5,38447
5,38449
5,38453
5,38459
5,38461
5,38501
5,38543
5,38557
5,38561
5,38567
5,38569
5,38593
5,38603
5,38609
5,38611
5,38629
5,38639
5,38651
5,38653
5,38669
5,38671
5,38677
5,38693
5,38699
5,38707
5,38711
5,38713
5,38723
5,38729
5,38737
5,38747
5,38749
5,38767
5,38783
5,38791
5,38803
5,38821
5,38833
5,38839
5,38851
5,38861
5,38867
5,38873
5,38891
5,38903
5,38917
5,38921
5,38923
5,38933
5,38953
5,38959
5,38971
5,38977
5,38993
5,39019
5,39023
5,39041
5,39043
5,39047
5,39079
5,39089
5,39097
5,39103
5,39107
5,39113
5,39119
5,39133
5,39139
5,39157
5,39161
5,39163
5,39181
5,39191
5,39199
5,39209
5,39217
5,39227
5,39229
5,39233
5,39239
5,39241
5,39251
5,39293
5,39301
5,39313
5,39317
5,39323
5,39341
5,39343
5,39359
5,39367
5,39371
5,39373
5,39383
5,39397
5,39409
5,39419
5,39439
5,39443
5,39451
5,39461
5,39499
5,39503
5,39509
5,39511
5,39521
5,39541
5,39551
5,39563
5,39569
5,39581
5,39607
5,39619
5,39623
5,39631
5,39659
5,39667
5,39671
5,39679
5,39703
5,39709
5,39719
5,39727
5,39733
5,39749
5,39761
5,39769
5,39779
5,39791
5,39799
5,39821
5,39827
5,39829
5,39839
5,39841
5,39847
5,39857
5,39863
5,39869
5,39877
5,39883
5,39887
5,39901
5,39929
5,39937
5,39953
5,39971
5,39979
5,39983
5,39989
5,40009
5,40013
5,40031
5,40037
5,40039
5,40063
5,40087
5,40093
5,40099
5,40111
5,40123
5,40127
5,40129
5,40151
5,40153
5,40163
5,40169
5,40177
5,40189
5,40193
5,40213
5,40231
5,40237
5,40241
5,40253
5,40277
5,40283
5,40289
5,40343
5,40351
5,40357
5,40361
5,40387
5,40423
5,40427
5,40429
5,40433
5,40459
5,40471
5,40483
5,40487
5,40493
5,40499
5,40507
5,40519
5,40529
5,40531
5,40543
5,40559
5,40577
5,40583
5,40591
5,40597
5,40609
5,40627
5,40637
5,40639
5,40693
5,40697
5,40699
5,40709
5,40739
5,40751
5,40759
5,40763
5,40771
5,40787
5,40801
5,40813
5,40819
5,40823
5,40829
5,40841
5,40847
5,40849
5,40853
5,40867
5,40879
5,40883
5,40897
5,40903
5,40927
5,40933
5,40939
5,40949
5,40961
5,40973
5,40993
5,41011
5,41017
5,41023
5,41039
5,41047
5,41051
5,41057
5,41077
5,41081
5,41113
5,41117
5,41131
5,41141
5,41143
5,41149
5,41161
5,41177
5,41179
5,41183
5,41189
5,41201
5,41203
5,41213
5,41221
5,41227
5,41231
5,41233
5,41243
5,41257
5,41263
5,41269
5,41281
5,41299
5,41333
5,41341
5,41351
5,41357
5,41381
5,41387
5,41389
5,41399
5,41411
5,41413
5,41443
5,41453
5,41467
5,41479
5,41491
5,41507
5,41513
5,41519
5,41521
5,41539
5,41543
5,41549
5,41579
5,41593
5,41597
5,41603
5,41609
5,41611
5,41617
5,41621
5,41627
5,41641
5,41647
5,41651
5,41659
5,41669
5,41681
5,41687
5,41719
5,41729
5,41737
5,41759
5,41761
5,41771
5,41777
5,41801
5,41809
5,41813
5,41843
5,41849
5,41851
5,41863
5,41879
5,41887
5,41893
5,41897
5,41903
5,41911
5,41927
5,41941
5,41947
5,41953
5,41957
5,41959
5,41969
5,41981
5,41983
5,41999
5,42013
5,42017
5,42019
5,42023
5,42043
5,42061
5,42071
5,42073
5,42083
5,42089
5,42101
5,42131
5,42139
5,42157
5,42169
5,42179
5,42181
5,42187
5,42193
5,42197
5,42209
5,42221
5,42223
5,42227
5,42239
5,42257
5,42281
5,42283
5,42293
5,42299
5,42307
5,42323
5,42331
5,42337
5,42349
5,42359
5,42373
5,42379
5,42391
5,42397
5,42403
5,42407
5,42409
5,42433
5,42437
5,42443
5,42451
5,42457
5,42461
5,42463
5,42467
5,42473
5,42487
5,42491
5,42499
5,42509
5,42533
5,42557
5,42569
5,42571
5,42577
5,42589
5,42611
5,42641
5,42643
5,42649
5,42667
5,42677
5,42683
5,42689
5,42697
5,42701
5,42703
5,42709
5,42719
5,42727
5,42737
5,42743
5,42751
5,42767
5,42773
5,42787
5,42793
5,42797
5,42821
5,42829
5,42839
5,42841
5,42853
5,42859
5,42863
5,42899
5,42901
5,42923
5,42929
5,42937
5,42943
5,42953
5,42961
5,42967
5,42979
5,42989
5,43003
5,43013
5,43019
5,43037
5,43049
5,43051
5,43063
5,43067
5,43093
5,43103
5,43117
5,43133
5,43151
5,43159
5,43177
5,43189
5,43201
5,43207
5,43223
5,43237
5,43261
5,43271
5,43283
5,43291
5,43313
5,43319
5,43321
5,43331
5,43391
5,43397
5,43399
5,43403
5,43411
5,43427
5,43441
5,43451
5,43457
5,43481
5,43487
5,43499
5,43517
5,43541
5,43543
5,43573
5,43577
5,43579
5,43591
5,43597
5,43607
5,43609
5,43613
5,43627
5,43633
5,43649
5,43651
5,43661
5,43669
5,43691
5,43711
5,43717
5,43721
5,43753
5,43759
5,43777
5,43781
5,43783
5,43787
5,43789
5,43793
5,43801
5,43853
5,43867
5,43889
5,43891
5,43913
5,43933
5,43943
5,43951
5,43961
5,43963
5,43969
5,43973
5,43987
5,43991
5,43997
5,44017
5,44021
5,44027
5,44029
5,44041
5,44053
5,44059
5,44071
5,44087
5,44089
5,44101
5,44111
5,44119
5,44123
5,44129
5,44131
5,44159
5,44171
5,44179
5,44189
5,44201
5,44203
5,44207
5,44221
5,44249
5,44257
5,44263
5,44267
5,44269
5,44273
5,44279
5,44281
5,44293
5,44351
5,44357
5,44371
5,44381
5,44383
5,44389
5,44417
5,44449
5,44453
5,44483
5,44491
5,44497
5,44501
5,44507
5,44519
5,44531
5,44533
5,44537
5,44543
5,44549
5,44563
5,44579
5,44587
5,44617
5,44621
5,44623
5,44633
5,44641
5,44647
5,44651
5,44657
5,44683
5,44687
5,44699
5,44701
5,44711
5,44729
5,44741
5,44753
5,44771
5,44773
5,44777
5,44789
5,44797
5,44809
5,44819
5,44839
5,44843
5,44851
5,44867
5,44879
5,44887
5,44893
5,44909
5,44917
5,44927
5,44939
5,44953
5,44959
5,44963
5,44971
5,44983
5,44987
5,45007
5,45013
5,45053
5,45061
5,45077
5,45083
5,45119
5,45121
5,45127
5,45131
5,45137
5,45139
5,45161
5,45179
5,45181
5,45191
5,45197
5,45233
5,45247
5,45259
5,45263
5,45281
5,45289
5,45293
5,45307
5,45317
5,45319
5,45329
5,45337
5,45341
5,45343
5,45361
5,45377
5,45389
5,45403
5,45413
5,45427
5,45433
5,45439
5,45481
5,45491
5,45497
5,45503
5,45523
5,45533
5,45541
5,45553
5,45557
5,45569
5,45587
5,45589
5,45599
5,45613
5,45631
5,45641
5,45659
5,45667
5,45673
5,45677
5,45691
5,45697
5,45707
5,45737
5,45751
5,45757
5,45763
5,45767
5,45779
5,45817
5,45821
5,45823
5,45827
5,45833
5,45841
5,45853
5,45863
5,45869
5,45887
5,45893
5,45943
5,45949
5,45953
5,45959
5,45971
5,45979
5,45989
5,46021
5,46027
5,46049
5,46051
5,46061
5,46073
5,46091
5,46093
5,46099
5,46103
5,46133
5,46141
5,46147
5,46153
5,46171
5,46181
5,46183
5,46187
5,46199
5,46219
5,46229
5,46237
5,46261
5,46271
5,46273
5,46279
5,46301
5,46307
5,46309
5,46327
5,46337
5,46349
5,46351
5,46381
5,46399
5,46411
5,46439
5,46441
5,46447
5,46451
5,46457
5,46471
5,46477
5,46489
5,46499
5,46507
5,46511
5,46523
5,46549
5,46559
5,46567
5,46573
5,46589
5,46591
5,46601
5,46619
5,46633
5,46639
5,46643
5,46649
5,46663
5,46679
5,46681
5,46687
5,46691
5,46703
5,46723
5,46727
5,46747
5,46751
5,46757
5,46769
5,46771
5,46807
5,46811
5,46817
5,46819
5,46829
5,46831
5,46853
5,46861
5,46867
5,46877
5,46889
5,46901
5,46919
5,46933
5,46957
5,46993
5,46997
5,47017
5,47041
5,47051
5,47057
5,47059
5,47087
5,47093
5,47111
5,47119
5,47123
5,47129
5,47137
5,47143
5,47147
5,47149
5,47161
5,47189
5,47207
5,47221
5,47237
5,47251
5,47269
5,47279
5,47287
5,47293
5,47297
5,47303
5,47309
5,47317
5,47339
5,47351
5,47353
5,47363
5,47381
5,47387
5,47389
5,47407
5,47417
5,47419
5,47431
5,47441
5,47459
5,47491
5,47497
5,47501
5,47507
5,47513
5,47521
5,47527
5,47533
5,47543
5,47563
5,47569
5,47581
5,47591
5,47599
5,47609
5,47623
5,47629
5,47639
5,47653
5,47657
5,47659
5,47681
5,47699
5,47701
5,47711
5,47713
5,47717
5,47737
5,47741
5,47743
5,47777
5,47779
5,47791
5,47797
5,47807
5,47809
5,47819
5,47837
5,47843
5,47857
5,47869
5,47881
5,47903
5,47911
5,47917
5,47933
5,47939
5,47947
5,47951
5,47963
5,47969
5,47977
5,47981
5,48017
5,48023
5,48029
5,48049
5,48073
5,48079
5,48091
5,48109
5,48119
5,48121
5,48131
5,48157
5,48163
5,48179
5,48187
5,48193
5,48197
5,48221
5,48239
5,48247
5,48259
5,48271
5,48281
5,48299
5,48311
5,48313
5,48337
5,48341
5,48353
5,48371
5,48383
5,48397
5,48407
5,48409
5,48413
5,48437
5,48449
5,48463
5,48473
5,48479
5,48481
5,48487
5,48491
5,48497
5,48523
5,48527
5,48533
5,48539
5,48541
5,48563
5,48571
5,48589
5,48593
5,48611
5,48619
5,48623
5,48647
5,48649
5,48661
5,48673
5,48677
5,48679
5,48731
5,48733
5,48751
5,48757
5,48761
5,48767
5,48779
5,48781
5,48787
5,48799
5,48809
5,48817
5,48821
5,48823
5,48847
5,48857
5,48859
5,48869
5,48871
5,48883
5,48889
5,48907
5,48947
5,48953
5,48973
5,48989
5,48991
5,49003
5,49009
5,49019
5,49031
5,49033
5,49037
5,49043
5,49057
5,49069
5,49081
5,49103
5,49109
5,49117
5,49121
5,49123
5,49139
5,49157
5,49169
5,49171
5,49177
5,49193
5,49199
5,49201
5,49207
5,49211
5,49223
5,49253
5,49261
5,49277
5,49279
5,49297
5,49307
5,49331
5,49333
5,49339
5,49363
5,49367
5,49369
5,49391
5,49393
5,49409
5,49411
5,49417
5,49429
5,49433
5,49451
5,49459
5,49463
5,49477
5,49481
5,49499
5,49523
5,49529
5,49531
5,49537
5,49547
5,49549
5,49559
5,49597
5,49603
5,49613
5,49627
5,49633
5,49639
5,49663
5,49667
5,49669
5,49681
5,49697
5,49711
5,49727
5,49739
5,49741
5,49747
5,49757
5,49783
5,49787
5,49789
5,49801
5,49807
5,49811
5,49823
5,49831
5,49843
5,49853
5,49871
5,49877
5,49891
5,49919
5,49921
5,49927
5,49937
5,49939
5,49943
5,49957
5,49991
5,49993
5,49999
5,50021
5,50023
5,50033
5,50047
5,50051
5,50053
5,50069
5,50077
5,50087
5,50093
5,50101
5,50111
5,50119
5,50123
5,50129
5,50131
5,50147
5,50153
5,50159
5,50177
5,50207
5,50221
5,50227
5,50231
5,50261
5,50263
5,50273
5,50287
5,50291
5,50311
5,50321
5,50329
5,50333
5,50341
5,50359
5,50363
5,50377
5,50383
5,50387
5,50411
5,50417
5,50423
5,50441
5,50459
5,50461
5,50497
5,50503
5,50513
5,50527
5,50539
5,50543
5,50549
5,50551
5,50581
5,50587
5,50591
5,50593
5,50599
5,50627
5,50647
5,50651
5,50671
5,50683
5,50707
5,50723
5,50741
5,50753
5,50767
5,50773
5,50777
5,50789
5,50821
5,50833
5,50839
5,50849
5,50857
5,50867
5,50873
5,50891
5,50893
5,50909
5,50923
5,50929
5,50951
5,50957
5,50969
5,50971
5,50989
5,50993
5,51001
5,51031
5,51043
5,51047
5,51059
5,51061
5,51071
5,51109
5,51131
5,51133
5,51137
5,51151
5,51157
5,51169
5,51193
5,51197
5,51199
5,51203
5,51217
5,51229
5,51239
5,51241
5,51257
5,51263
5,51283
5,51287
5,51307
5,51329
5,51341
5,51343
5,51347
5,51349
5,51361
5,51383
5,51407
5,51413
5,51419
5,51421
5,51427
5,51431
5,51437
5,51439
5,51449
5,51461
5,51473
5,51479
5,51481
5,51487
5,51503
5,51511
5,51517
5,51521
5,51539
5,51551
5,51563
5,51577
5,51581
5,51593
5,51599
5,51607
5,51613
5,51631
5,51637
5,51647
5,51659
5,51673
5,51679
5,51683
5,51691
5,51713
5,51719
5,51721
5,51749
5,51767
5,51769
5,51787
5,51797
5,51803
5,51817
5,51827
5,51829
5,51839
5,51853
5,51859
5,51869
5,51871
5,51893
5,51899
5,51907
5,51913
5,51929
5,51941
5,51949
5,51971
5,51973
5,51977
5,51991
5,52009
5,52021
5,52027
5,52051
5,52057
5,52067
5,52069
5,52081
5,52103
5,52121
5,52127
5,52147
5,52153
5,52163
5,52177
5,52181
5,52183
5,52189
5,52201
5,52223
5,52237
5,52249
5,52253
5,52259
5,52267
5,52289
5,52291
5,52301
5,52313
5,52321
5,52361
5,52363
5,52369
5,52379
5,52387
5,52391
5,52433
5,52453
5,52457
5,52489
5,52501
5,52511
5,52517
5,52529
5,52541
5,52543
5,52553
5,52561
5,52567
5,52571
5,52579
5,52583
5,52609
5,52627
5,52631
5,52639
5,52667
5,52673
5,52691
5,52697
5,52709
5,52711
5,52721
5,52727
5,52733
5,52747
5,52757
5,52769
5,52783
5,52807
5,52813
5,52817
5,52837
5,52859
5,52861
5,52879
5,52883
5,52889
5,52901
5,52903
5,52919
5,52937
5,52951
5,52957
5,52963
5,52967
5,52973
5,52981
5,52999
5,53003
5,53017
5,53047
5,53051
5,53069
5,53077
5,53087
5,53089
5,53093
5,53101
5,53113
5,53117
5,53129
5,53147
5,53149
5,53161
5,53171
5,53173
5,53189
5,53197
5,53201
5,53231
5,53233
5,53239
5,53267
5,53269
5,53279
5,53281
5,53299
5,53309
5,53323
5,53327
5,53353
5,53359
5,53377
5,53381
5,53401
5,53407
5,53411
5,53419
5,53437
5,53441
5,53453
5,53479
5,53503
5,53507
5,53527
5,53549
5,53551
5,53569
5,53591
5,53593
5,53597
5,53609
5,53611
5,53617
5,53623
5,53629
5,53633
5,53639
5,53653
5,53657
5,53681
5,53693
5,53699
5,53717
5,53719
5,53731
5,53759
5,53773
5,53777
5,53783
5,53791
5,53813
5,53819
5,53831
5,53849
5,53857
5,53861
5,53881
5,53887
5,53891
5,53897
5,53899
5,53917
5,53923
5,53927
5,53939
5,53951
5,53959
5,53987
5,53993
5,54001
5,54011
5,54013
5,54037
5,54049
5,54059
5,54083
5,54091
5,54101
5,54121
5,54133
5,54139
5,54151
5,54163
5,54167
5,54181
5,54193
5,54217
5,54251
5,54269
5,54277
5,54287
5,54293
5,54311
5,54319
5,54323
5,54331
5,54347
5,54361
5,54367
5,54371
5,54377
5,54401
5,54403
5,54409
5,54413
5,54419
5,54421
5,54437
5,54443
5,54449
5,54469
5,54493
5,54497
5,54499
5,54503
5,54517
5,54521
5,54539
5,54541
5,54547
5,54559
5,54563
5,54577
5,54581
5,54583
5,54601
5,54617
5,54623
5,54629
5,54631
5,54647
5,54667
5,54673
5,54679
5,54709
5,54713
5,54721
5,54727
5,54751
5,54767
5,54773
5,54779
5,54787
5,54799
5,54829
5,54833
5,54851
5,54869
5,54877
5,54881
5,54907
5,54917
5,54919
5,54941
5,54949
5,54959
5,54973
5,54979
5,54983
5,55001
5,55009
5,55021
5,55049
5,55051
5,55057
5,55061
5,55073
5,55079
5,55103
5,55109
5,55117
5,55127
5,55147
5,55163
5,55171
5,55201
5,55207
5,55213
5,55217
5,55219
5,55229
5,55243
5,55249
5,55259
5,55291
5,55313
5,55331
5,55333
5,55337
5,55339
5,55343
5,55351
5,55373
5,55381
5,55399
5,55411
5,55439
5,55441
5,55457
5,55469
5,55487
5,55501
5,55511
5,55529
5,55541
5,55547
5,55579
5,55589
5,55603
5,55609
5,55619
5,55621
5,55631
5,55633
5,55639
5,55661
5,55663
5,55667
5,55673
5,55681
5,55691
5,55697
5,55711
5,55717
5,55721
5,55733
5,55763
5,55787
5,55793
5,55799
5,55807
5,55813
5,55817
5,55819
5,55823
5,55829
5,55837
5,55843
5,55849
5,55871
5,55889
5,55897
5,55901
5,55903
5,55921
5,55927
5,55931
5,55933
5,55949
5,55967
5,55987
5,55997
5,56003
5,56009
5,56039
5,56041
5,56053
5,56081
5,56087
5,56093
5,56099
5,56101
5,56113
5,56123
5,56131
5,56149
5,56167
5,56171
5,56179
5,56197
5,56207
5,56209
5,56237
5,56239
5,56249
5,56263
5,56267
5,56269
5,56299
5,56311
5,56333
5,56359
5,56369
5,56377
5,56383
5,56393
5,56401
5,56417
5,56431
5,56437
5,56443
5,56453
5,56467
5,56473
5,56477
5,56479
5,56489
5,56501
5,56503
5,56509
5,56519
5,56527
5,56531
5,56533
5,56543
5,56569
5,56591
5,56597
5,56599
5,56611
5,56629
5,56633
5,56659
5,56663
5,56671
5,56681
5,56687
5,56701
5,56711
5,56713
5,56731
5,56737
5,56747
5,56767
5,56773
5,56779
5,56783
5,56807
5,56809
5,56813
5,56821
5,56827
5,56843
5,56857
5,56873
5,56891
5,56893
5,56897
5,56909
5,56911
5,56921
5,56923
5,56929
5,56941
5,56951
5,56957
5,56963
5,56983
5,56989
5,56993
5,56999
5,57037
5,57041
5,57047
5,57059
5,57073
5,57077
5,57089
5,57097
5,57107
5,57119
5,57131
5,57139
5,57143
5,57149
5,57163
5,57173
5,57179
5,57191
5,57193
5,57203
5,57221
5,57223
5,57241
5,57251
5,57259
5,57269
5,57271
5,57283
5,57287
5,57301
5,57329
5,57331
5,57347
5,57349
5,57367
5,57373
5,57383
5,57389
5,57397
5,57413
5,57427
5,57457
5,57467
5,57487
5,57493
5,57503
5,57527
5,57529
5,57557
5,57559
5,57571
5,57587
5,57593
5,57601
5,57637
5,57641
5,57649
5,57653
5,57667
5,57679
5,57689
5,57697
5,57709
5,57713
5,57719
5,57727
5,57731
5,57737
5,57751
5,57773
5,57781
5,57787
5,57791
5,57793
5,57803
5,57809
5,57829
5,57839
5,57847
5,57853
5,57859
5,57881
5,57899
5,57901
5,57917
5,57923
5,57943
5,57947
5,57973
5,57977
5,57991
5,58013
5,58027
5,58031
5,58043
5,58049
5,58057
5,58061
5,58067
5,58073
5,58099
5,58109
5,58111
5,58129
5,58147
5,58151
5,58153
5,58169
5,58171
5,58189
5,58193
5,58199
5,58207
5,58211
5,58217
5,58229
5,58231
5,58237
5,58243
5,58271
5,58309
5,58313
5,58321
5,58337
5,58363
5,58367
5,58369
5,58379
5,58391
5,58393
5,58403
5,58411
5,58417
5,58427
5,58439
5,58441
5,58451
5,58453
5,58477
5,58481
5,58511
5,58537
5,58543
5,58549
5,58567
5,58573
5,58579
5,58601
5,58603
5,58613
5,58631
5,58657
5,58661
5,58679
5,58687
5,58693
5,58699
5,58711
5,58727
5,58733
5,58741
5,58757
5,58763
5,58771
5,58787
5,58789
5,58831
5,58889
5,58897
5,58901
5,58907
5,58909
5,58913
5,58921
5,58937
5,58943
5,58963
5,58967
5,58979
5,58991
5,58997
5,59009
5,59011
5,59021
5,59023
5,59029
5,59051
5,59053
5,59063
5,59069
5,59077
5,59083
5,59093
5,59107
5,59113
5,59119
5,59123
5,59141
5,59149
5,59159
5,59167
5,59183
5,59197
5,59207
5,59209
5,59219
5,59221
5,59233
5,59239
5,59243
5,59263
5,59273
5,59281
5,59333
5,59341
5,59351
5,59357
5,59359
5,59369
5,59377
5,59387
5,59393
5,59399
5,59407
5,59417
5,59419
5,59441
5,59443
5,59447
5,59453
5,59467
5,59471
5,59473
5,59497
5,59509
5,59513
5,59539
5,59557
5,59561
5,59567
5,59581
5,59611
5,59617
5,59621
5,59627
5,59629
5,59651
5,59659
5,59663
5,59669
5,59671
5,59693
5,59699
5,59707
5,59723
5,59729
5,59743
5,59747
5,59753
5,59771
5,59779
5,59791
5,59797
5,59809
5,59833
5,59863
5,59879
5,59887
5,59921
5,59929
5,59951
5,59957
5,59971
5,59981
5,59999
5,60013
5,60017
5,60029
5,60037
5,60041
5,60077
5,60083
5,60089
5,60091
5,60101
5,60103
5,60107
5,60127
5,60133
5,60139
5,60149
5,60161
5,60167
5,60169
5,60209
5,60217
5,60223
5,60251
5,60257
5,60259
5,60271
5,60289
5,60293
5,60317
5,60331
5,60337
5,60343
5,60353
5,60373
5,60383
5,60397
5,60413
5,60427
5,60443
5,60449
5,60457
5,60493
5,60497
5,60509
5,60521
5,60527
5,60539
5,60589
5,60601
5,60607
5,60611
5,60617
5,60623
5,60631
5,60637
5,60647
5,60649
5,60659
5,60661
5,60679
5,60689
5,60703
5,60719
5,60727
5,60733
5,60737
5,60757
5,60761
5,60763
5,60773
5,60779
5,60793
5,60811
5,60821
5,60859
5,60869
5,60887
5,60889
5,60899
5,60901
5,60913
5,60917
5,60919
5,60923
5,60937
5,60943
5,60953
5,60961
5,61001
5,61007
5,61027
5,61031
5,61043
5,61051
5,61057
5,61091
5,61099
5,61121
5,61129
5,61141
5,61151
5,61153
5,61169
5,61211
5,61223
5,61231
5,61253
5,61261
5,61283
5,61291
5,61297
5,61331
5,61333
5,61339
5,61343
5,61357
5,61363
5,61379
5,61381
5,61403
5,61409
5,61417
5,61441
5,61463
5,61469
5,61471
5,61483
5,61487
5,61493
5,61507
5,61511
5,61519
5,61543
5,61547
5,61553
5,61559
5,61561
5,61583
5,61603
5,61609
5,61613
5,61627
5,61631
5,61637
5,61643
5,61651
5,61657
5,61667
5,61673
5,61681
5,61687
5,61703
5,61717
5,61723
5,61729
5,61751
5,61757
5,61781
5,61813
5,61819
5,61837
5,61843
5,61861
5,61871
5,61879
5,61909
5,61927
5,61933
5,61949
5,61961
5,61967
5,61979
5,61981
5,61987
5,61991
5,62003
5,62011
5,62017
5,62039
5,62047
5,62053
5,62057
5,62071
5,62081
5,62099
5,62119
5,62129
5,62131
5,62137
5,62141
5,62143
5,62171
5,62189
5,62191
5,62201
5,62207
5,62213
5,62219
5,62233
5,62273
5,62297
5,62299
5,62303
5,62311
5,62323
5,62327
5,62347
5,62351
5,62383
5,62401
5,62417
5,62423
5,62459
5,62467
5,62473
5,62477
5,62483
5,62497
5,62501
5,62507
5,62533
5,62539
5,62549
5,62563
5,62581
5,62591
5,62597
5,62603
5,62617
5,62627
5,62633
5,62639
5,62653
5,62659
5,62683
5,62687
5,62701
5,62723
5,62731
5,62743
5,62753
5,62761
5,62773
5,62791
5,62801
5,62819
5,62827
5,62851
5,62861
5,62869
5,62873
5,62897
5,62903
5,62921
5,62927
5,62929
5,62939
5,62969
5,62971
5,62981
5,62983
5,62987
5,62989
5,63029
5,63031
5,63059
5,63067
5,63073
5,63079
5,63097
5,63103
5,63113
5,63127
5,63131
5,63149
5,63179
5,63197
5,63199
5,63211
5,63241
5,63247
5,63277
5,63281
5,63299
5,63311
5,63313
5,63317
5,63331
5,63337
5,63347
5,63353
5,63361
5,63367
5,63377
5,63389
5,63391
5,63397
5,63409
5,63419
5,63421
5,63439
5,63443
5,63463
5,63467
5,63473
5,63487
5,63493
5,63499
5,63521
5,63527
5,63533
5,63541
5,63559
5,63577
5,63587
5,63589
5,63599
5,63601
5,63607
5,63611
5,63617
5,63629
5,63647
5,63649
5,63659
5,63667
5,63671
5,63689
5,63691
5,63697
5,63703
5,63709
5,63719
5,63727
5,63737
5,63743
5,63761
5,63773
5,63781
5,63793
5,63799
5,63803
5,63809
5,63823
5,63839
5,63841
5,63853
5,63857
5,63863
5,63901
5,63907
5,63913
5,63929
5,63949
5,63977
5,63997
5,64007
5,64013
5,64019
5,64033
5,64037
5,64063
5,64067
5,64081
5,64091
5,64109
5,64123
5,64151
5,64153
5,64157
5,64171
5,64187
5,64189
5,64217
5,64223
5,64231
5,64237
5,64271
5,64279
5,64283
5,64301
5,64303
5,64319
5,64327
5,64333
5,64373
5,64381
5,64399
5,64403
5,64433
5,64439
5,64451
5,64453
5,64483
5,64489
5,64499
5,64513
5,64553
5,64567
5,64577
5,64579
5,64591
5,64601
5,64609
5,64613
5,64621
5,64627
5,64633
5,64661
5,64663
5,64667
5,64679
5,64693
5,64709
5,64717
5,64747
5,64763
5,64781
5,64783
5,64793
5,64811
5,64817
5,64849
5,64853
5,64871
5,64877
5,64879
5,64891
5,64901
5,64919
5,64921
5,64927
5,64937
5,64951
5,64969
5,64997
5,65003
5,65011
5,65027
5,65029
5,65033
5,65053
5,65063
5,65071
5,65089
5,65099
5,65101
5,65111
5,65119
5,65123
5,65129
5,65141
5,65147
5,65167
5,65171
5,65173
5,65179
5,65183
5,65203
5,65213
5,65239
5,65257
5,65267
5,65269
5,65287
5,65293
5,65309
5,65323
5,65327
5,65353
5,65357
5,65371
5,65381
5,65393
5,65407
5,65413
5,65419
5,65423
5,65437
5,65447
5,65449
5,65479
5,65497
5,65519
5,65521
5,65537
5,65539
5,65543
5,65551
5,65557
5,65563
5,65579
5,65581
5,65587
5,65599
5,65609
5,65617
5,65629
5,65633
5,65647
5,65651
5,65657
5,65677
5,65687
5,65699
5,65701
5,65707
5,65713
5,65717
5,65719
5,65729
5,65731
5,65761
5,65777
5,65789
5,65809
5,65827
5,65831
5,65837
5,65839
5,65843
5,65851
5,65867
5,65881
5,65899
5,65921
5,65927
5,65929
5,65951
5,65957
5,65963
5,65981
5,65983
5,65993
5,66029
5,66037
5,66041
5,66047
5,66067
5,66071
5,66083
5,66089
5,66103
5,66107
5,66109
5,66137
5,66161
5,66169
5,66173
5,66179
5,66191
5,66221
5,66239
5,66271
5,66293
5,66301
5,66337
5,66343
5,66347
5,66359
5,66361
5,66373
5,66377
5,66383
5,66403
5,66413
5,66431
5,66449
5,66457
5,66463
5,66467
5,66491
5,66499
5,66509
5,66523
5,66529
5,66533
5,66541
5,66553
5,66569
5,66571
5,66587
5,66593
5,66601
5,66617
5,66629
5,66643
5,66653
5,66683
5,66697
5,66701
5,66713
5,66721
5,66733
5,66739
5,66749
5,66751
5,66763
5,66791
5,66797
5,66809
5,66821
5,66841
5,66851
5,66853
5,66863
5,66877
5,66883
5,66889
5,66919
5,66923
5,66931
5,66943
5,66947
5,66949
5,66959
5,66973
5,66977
5,67003
5,67021
5,67033
5,67043
5,67049
5,67057
5,67061
5,67073
5,67079
5,67103
5,67121
5,67129
5,67139
5,67141
5,67153
5,67157
5,67169
5,67181
5,67187
5,67189
5,67211
5,67213
5,67217
5,67219
5,67231
5,67247
5,67261
5,67271
5,67273
5,67289
5,67307
5,67339
5,67343
5,67349
5,67369
5,67391
5,67399
5,67409
5,67411
5,67421
5,67427
5,67429
5,67433
5,67447
5,67453
5,67477
5,67481
5,67489
5,67493
5,67499
5,67511
5,67523
5,67531
5,67537
5,67547
5,67559
5,67567
5,67577
5,67579
5,67589
5,67601
5,67607
5,67619
5,67631
5,67651
5,67679
5,67699
5,67709
5,67723
5,67733
5,67741
5,67751
5,67757
5,67759
5,67763
5,67777
5,67783
5,67789
5,67801
5,67807
5,67819
5,67829
5,67843
5,67853
5,67867
5,67883
5,67891
5,67901
5,67927
5,67931
5,67933
5,67939
5,67943
5,67957
5,67961
5,67967
5,67979
5,67987
5,67993
5,68023
5,68041
5,68053
5,68059
5,68071
5,68087
5,68099
5,68111
5,68113
5,68141
5,68147
5,68161
5,68171
5,68207
5,68209
5,68213
5,68219
5,68227
5,68239
5,68261
5,68279
5,68281
5,68311
5,68329
5,68351
5,68371
5,68389
5,68399
5,68437
5,68443
5,68447
5,68449
5,68473
5,68477
5,68483
5,68489
5,68491
5,68501
5,68507
5,68521
5,68531
5,68539
5,68543
5,68567
5,68581
5,68597
5,68611
5,68633
5,68639
5,68659
5,68669
5,68683
5,68687
5,68699
5,68711
5,68713
5,68729
5,68737
5,68743
5,68749
5,68767
5,68771
5,68777
5,68791
5,68813
5,68819
5,68821
5,68863
5,68879
5,68881
5,68891
5,68897
5,68899
5,68903
5,68909
5,68917
5,68927
5,68947
5,68963
5,68993
5,69001
5,69011
5,69019
5,69029
5,69031
5,69061
5,69067
5,69073
5,69109
5,69119
5,69127
5,69143
5,69149
5,69151
5,69163
5,69191
5,69193
5,69197
5,69203
5,69221
5,69233
5,69239
5,69247
5,69257
5,69259
5,69263
5,69313
5,69317
5,69337
5,69341
5,69371
5,69379
5,69383
5,69389
5,69401
5,69403
5,69427
5,69431
5,69439
5,69457
5,69463
5,69467
5,69473
5,69481
5,69491
5,69493
5,69497
5,69499
5,69539
5,69557
5,69593
5,69623
5,69653
5,69661
5,69677
5,69691
5,69697
5,69709
5,69737
5,69739
5,69761
5,69763
5,69767
5,69779
5,69809
5,69821
5,69827
5,69829
5,69833
5,69847
5,69857
5,69859
5,69877
5,69899
5,69911
5,69929
5,69931
5,69941
5,69959
5,69991
5,69997
5,70001
5,70003
5,70009
5,70019
5,70039
5,70051
5,70061
5,70067
5,70079
5,70099
5,70111
5,70117
5,70121
5,70123
5,70139
5,70141
5,70157
5,70163
5,70177
5,70181
5,70183
5,70199
5,70201
5,70207
5,70223
5,70229
5,70237
5,70241
5,70249
5,70271
5,70289
5,70297
5,70309
5,70313
5,70321
5,70327
5,70351
5,70373
5,70379
5,70381
5,70393
5,70423
5,70429
5,70439
5,70451
5,70457
5,70459
5,70481
5,70487
5,70489
5,70501
5,70507
5,70529
5,70537
5,70549
5,70571
5,70573
5,70583
5,70589
5,70607
5,70619
5,70621
5,70627
5,70639
5,70657
5,70663
5,70667
5,70687
5,70709
5,70717
5,70729
5,70753
5,70769
5,70783
5,70793
5,70823
5,70841
5,70843
5,70849
5,70853
5,70867
5,70877
5,70879
5,70891
5,70901
5,70913
5,70919
5,70921
5,70937
5,70949
5,70951
5,70957
5,70969
5,70979
5,70981
5,70991
5,70997
5,70999
5,71011
5,71023
5,71039
5,71059
5,71069
5,71081
5,71089
5,71119
5,71129
5,71143
5,71147
5,71153
5,71161
5,71167
5,71171
5,71191
5,71209
5,71233
5,71237
5,71249
5,71257
5,71261
5,71263
5,71287
5,71293
5,71317
5,71327
5,71329
5,71333
5,71339
5,71341
5,71347
5,71353
5,71359
5,71363
5,71387
5,71389
5,71399
5,71411
5,71413
5,71419
5,71429
5,71437
5,71443
5,71453
5,71471
5,71473
5,71479
5,71483
5,71503
5,71527
5,71537
5,71549
5,71551
5,71563
5,71569
5,71593
5,71597
5,71633
5,71647
5,71663
5,71671
5,71693
5,71699
5,71707
5,71711
5,71713
5,71719
5,71741
5,71761
5,71777
5,71789
5,71807
5,71809
5,71821
5,71837
5,71843
5,71849
5,71861
5,71867
5,71879
5,71881
5,71887
5,71899
5,71909
5,71917
5,71933
5,71941
5,71947
5,71963
5,71971
5,71983
5,71987
5,71993
5,71999
5,72019
5,72031
5,72043
5,72047
5,72053
5,72073
5,72077
5,72089
5,72091
5,72101
5,72103
5,72109
5,72139
5,72161
5,72167
5,72169
5,72173
5,72211
5,72221
5,72223
5,72227
5,72229
5,72251
5,72253
5,72269
5,72271
5,72277
5,72287
5,72307
5,72313
5,72337
5,72341
5,72353
5,72367
5,72379
5,72383
5,72421
5,72431
5,72461
5,72467
5,72469
5,72481
5,72493
5,72497
5,72503
5,72533
5,72547
5,72551
5,72559
5,72577
5,72613
5,72617
5,72623
5,72643
5,72647
5,72649
5,72661
5,72671
5,72673
5,72679
5,72689
5,72701
5,72707
5,72719
5,72727
5,72733
5,72739
5,72763
5,72767
5,72797
5,72817
5,72823
5,72859
5,72869
5,72871
5,72883
5,72889
5,72893
5,72901
5,72907
5,72911
5,72923
5,72931
5,72937
5,72949
5,72953
5,72959
5,72973
5,72977
5,72997
5,73009
5,73013
5,73019
5,73037
5,73039
5,73043
5,73061
5,73063
5,73079
5,73091
5,73121
5,73127
5,73133
5,73141
5,73181
5,73189
5,73237
5,73243
5,73259
5,73277
5,73291
5,73303
5,73309
5,73327
5,73331
5,73351
5,73361
5,73363
5,73369
5,73379
5,73387
5,73417
5,73421
5,73433
5,73453
5,73459
5,73471
5,73477
5,73483
5,73517
5,73523
5,73529
5,73547
5,73553
5,73561
5,73571
5,73583
5,73589
5,73597
5,73607
5,73609
5,73613
5,73637
5,73643
5,73651
5,73673
5,73679
5,73681
5,73693
5,73699
5,73709
5,73721
5,73727
5,73751
5,73757
5,73771
5,73783
5,73819
5,73823
5,73847
5,73849
5,73859
5,73867
5,73877
5,73883
5,73897
5,73907
5,73939
5,73943
5,73951
5,73961
5,73973
5,73999
5,74017
5,74021
5,74027
5,74047
5,74051
5,74071
5,74077
5,74093
5,74099
5,74101
5,74131
5,74143
5,74149
5,74159
5,74161
5,74167
5,74177
5,74189
5,74197
5,74201
5,74203
5,74209
5,74219
5,74231
5,74257
5,74279
5,74287
5,74293
5,74297
5,74311
5,74317
5,74323
5,74353
5,74357
5,74363
5,74377
5,74381
5,74383
5,74411
5,74413
5,74419
5,74441
5,74449
5,74453
5,74471
5,74489
5,74507
5,74509
5,74521
5,74527
5,74531
5,74551
5,74561
5,74567
5,74573
5,74587
5,74597
5,74609
5,74611
5,74623
5,74653
5,74687
5,74699
5,74707
5,74713
5,74717
5,74719
5,74729
5,74731
5,74747
5,74759
5,74761
5,74771
5,74779
5,74797
5,74821
5,74827
5,74831
5,74843
5,74857
5,74861
5,74869
5,74873
5,74887
5,74891
5,74897
5,74903
5,74923
5,74929
5,74933
5,74941
5,74959
5,75011
5,75013
5,75017
5,75029
5,75037
5,75041
5,75079
5,75083
5,75109
5,75133
5,75149
5,75161
5,75167
5,75169
5,75181
5,75193
5,75209
5,75211
5,75217
5,75223
5,75227
5,75239
5,75253
5,75269
5,75277
5,75289
5,75307
5,75323
5,75329
5,75337
5,75347
5,75353
5,75367
5,75377
5,75389
5,75391
5,75401
5,75403
5,75407
5,75431
5,75437
5,75479
5,75503
5,75511
5,75521
5,75527
5,75533
5,75539
5,75541
5,75553
5,75557
5,75571
5,75577
5,75583
5,75611
5,75617
5,75619
5,75629
5,75641
5,75653
5,75659
5,75679
5,75683
5,75689
5,75703
5,75707
5,75709
5,75721
5,75731
5,75743
5,75767
5,75773
5,75781
5,75787
5,75793
5,75797
5,75821
5,75833
5,75853
5,75869
5,75883
5,75913
5,75931
5,75937
5,75941
5,75967
5,75979
5,75983
5,75989
5,75991
5,75997
5,76001
5,76003
5,76031
5,76039
5,76079
5,76081
5,76091
5,76099
5,76103
5,76123
5,76129
5,76147
5,76157
5,76159
5,76163
5,76207
5,76213
5,76231
5,76243
5,76249
5,76253
5,76259
5,76261
5,76283
5,76289
5,76303
5,76333
5,76343
5,76367
5,76369
5,76379
5,76387
5,76403
5,76421
5,76423
5,76441
5,76463
5,76471
5,76481
5,76487
5,76493
5,76507
5,76511
5,76519
5,76537
5,76541
5,76543
5,76561
5,76579
5,76597
5,76603
5,76607
5,76631
5,76649
5,76651
5,76667
5,76673
5,76679
5,76697
5,76717
5,76733
5,76753
5,76757
5,76771
5,76777
5,76781
5,76801
5,76819
5,76829
5,76831
5,76837
5,76847
5,76871
5,76873
5,76883
5,76907
5,76913
5,76919
5,76943
5,76949
5,76961
5,76963
5,76991
5,77003
5,77017
5,77023
5,77029
5,77041
5,77047
5,77069
5,77081
5,77093
5,77101
5,77137
5,77141
5,77153
5,77167
5,77171
5,77191
5,77201
5,77213
5,77237
5,77239
5,77243
5,77249
5,77261
5,77263
5,77267
5,77269
5,77279
5,77291
5,77317
5,77323
5,77339
5,77347
5,77351
5,77359
5,77369
5,77377
5,77383
5,77417
5,77419
5,77431
5,77447
5,77471
5,77477
5,77479
5,77489
5,77491
5,77509
5,77513
5,77521
5,77527
5,77543
5,77549
5,77551
5,77557
5,77563
5,77569
5,77573
5,77587
5,77591
5,77611
5,77617
5,77621
5,77641
5,77647
5,77659
5,77681
5,77687
5,77689
5,77699
5,77711
5,77713
5,77719
5,77723
5,77731
5,77743
5,77747
5,77761
5,77773
5,77783
5,77797
5,77801
5,77813
5,77839
5,77849
5,77863
5,77867
5,77893
5,77899
5,77929
5,77933
5,77951
5,77969
5,77977
5,77983
5,77999
5,78007
5,78017
5,78031
5,78041
5,78049
5,78059
5,78079
5,78101
5,78121
5,78137
5,78139
5,78157
5,78163
5,78167
5,78173
5,78179
5,78191
5,78193
5,78203
5,78229
5,78233
5,78241
5,78259
5,78277
5,78283
5,78301
5,78307
5,78311
5,78317
5,78341
5,78347
5,78367
5,78401
5,78427
5,78437
5,78439
5,78467
5,78479
5,78487
5,78497
5,78509
5,78511
5,78517
5,78539
5,78541
5,78553
5,78569
5,78571
5,78577
5,78583
5,78593
5,78607
5,78623
5,78643
5,78649
5,78653
5,78691
5,78697
5,78707
5,78713
5,78721
5,78737
5,78779
5,78781
5,78787
5,78791
5,78797
5,78803
5,78809
5,78823
5,78839
5,78853
5,78857
5,78877
5,78887
5,78889
5,78893
5,78901
5,78919
5,78929
5,78941
5,78977
5,78979
5,78989
5,79031
5,79039
5,79043
5,79063
5,79087
5,79103
5,79111
5,79133
5,79139
5,79147
5,79151
5,79153
5,79159
5,79181
5,79187
5,79193
5,79201
5,79229
5,79231
5,79241
5,79259
5,79273
5,79279
5,79283
5,79301
5,79309
5,79319
5,79333
5,79337
5,79349
5,79357
5,79367
5,79379
5,79393
5,79397
5,79399
5,79411
5,79423
5,79427
5,79433
5,79451
5,79481
5,79493
5,79531
5,79537
5,79549
5,79559
5,79561
5,79579
5,79589
5,79601
5,79609
5,79613
5,79621
5,79627
5,79631
5,79633
5,79657
5,79669
5,79687
5,79691
5,79693
5,79697
5,79699
5,79757
5,79769
5,79777
5,79801
5,79811
5,79813
5,79817
5,79823
5,79829
5,79841
5,79843
5,79847
5,79861
5,79867
5,79873
5,79889
5,79901
5,79903
5,79907
5,79939
5,79943
5,79967
5,79973
5,79979
5,79987
5,79997
5,79999
5,80021
5,80039
5,80051
5,80071
5,80077
5,80107
5,80111
5,80141
5,80147
5,80149
5,80153
5,80167
5,80173
5,80177
5,80191
5,80207
5,80209
5,80221
5,80231
5,80233
5,80239
5,80251
5,80263
5,80273
5,80279
5,80287
5,80309
5,80317
5,80329
5,80341
5,80347
5,80363
5,80369
5,80387
5,80407
5,80429
5,80447
5,80449
5,80471
5,80473
5,80489
5,80491
5,80513
5,80527
5,80537
5,80557
5,80567
5,80599
5,80603
5,80611
5,80621
5,80627
5,80629
5,80651
5,80657
5,80669
5,80671
5,80677
5,80681
5,80683
5,80687
5,80701
5,80713
5,80737
5,80747
5,80749
5,80761
5,80777
5,80779
5,80783
5,80789
5,80803
5,80809
5,80819
5,80831
5,80833
5,80849
5,80863
5,80897
5,80909
5,80911
5,80917
5,80923
5,80929
5,80933
5,80953
5,80963
5,80989
5,81001
5,81013
5,81017
5,81019
5,81023
5,81031
5,81041
5,81043
5,81047
5,81049
5,81071
5,81077
5,81083
5,81097
5,81101
5,81119
5,81131
5,81157
5,81163
5,81173
5,81181
5,81197
5,81199
5,81203
5,81223
5,81233
5,81239
5,81281
5,81283
5,81293
5,81299
5,81307
5,81331
5,81343
5,81349
5,81353
5,81359
5,81371
5,81373
5,81401
5,81409
5,81421
5,81439
5,81457
5,81463
5,81509
5,81517
5,81527
5,81533
5,81547
5,81551
5,81553
5,81559
5,81563
5,81569
5,81611
5,81619
5,81629
5,81637
5,81647
5,81649
5,81667
5,81671
5,81677
5,81689
5,81701
5,81703
5,81707
5,81727
5,81737
5,81749
5,81761
5,81769
5,81773
5,81799
5,81817
5,81839
5,81847
5,81853
5,81869
5,81883
5,81899
5,81901
5,81919
5,81929
5,81931
5,81937
5,81943
5,81953
5,81967
5,81971
5,81973
5,82003
5,82007
5,82009
5,82013
5,82021
5,82031
5,82037
5,82039
5,82051
5,82067
5,82073
5,82129
5,82139
5,82141
5,82153
5,82163
5,82171
5,82183
5,82189
5,82193
5,82207
5,82217
5,82219
5,82223
5,82231
5,82237
5,82241
5,82261
5,82267
5,82279
5,82301
5,82307
5,82339
5,82349
5,82351
5,82361
5,82373
5,82387
5,82393
5,82421
5,82457
5,82463
5,82469
5,82471
5,82483
5,82487
5,82493
5,82499
5,82507
5,82529
5,82531
5,82549
5,82559
5,82561
5,82567
5,82571
5,82591
5,82601
5,82609
5,82613
5,82619
5,82633
5,82651
5,82657
5,82699
5,82721
5,82723
5,82727
5,82729
5,82757
5,82759
5,82763
5,82781
5,82787
5,82793
5,82799
5,82811
5,82813
5,82837
5,82847
5,82883
5,82889
5,82891
5,82903
5,82913
5,82939
5,82963
5,82981
5,82997
5,83003
5,83009
5,83023
5,83047
5,83059
5,83063
5,83071
5,83077
5,83089
5,83093
5,83101
5,83117
5,83137
5,83177
5,83203
5,83207
5,83219
5,83221
5,83227
5,83231
5,83233
5,83243
5,83257
5,83267
5,83269
5,83273
5,83299
5,83311
5,83339
5,83341
5,83357
5,83383
5,83389
5,83399
5,83401
5,83407
5,83417
5,83423
5,83431
5,83437
5,83443
5,83449
5,83459
5,83471
5,83477
5,83497
5,83537
5,83557
5,83561
5,83563
5,83579
5,83591
5,83597
5,83609
5,83617
5,83621
5,83639
5,83641
5,83653
5,83663
5,83689
5,83701
5,83717
5,83719
5,83737
5,83761
5,83773
5,83777
5,83791
5,83813
5,83833
5,83843
5,83857
5,83869
5,83873
5,83891
5,83903
5,83911
5,83921
5,83933
5,83939
5,83969
5,83983
5,83987
5,84011
5,84017
5,84047
5,84053
5,84059
5,84061
5,84067
5,84089
5,84121
5,84127
5,84131
5,84137
5,84143
5,84163
5,84179
5,84181
5,84191
5,84199
5,84211
5,84221
5,84223
5,84229
5,84239
5,84247
5,84263
5,84299
5,84307
5,84313
5,84317
5,84319
5,84347
5,84349
5,84377
5,84389
5,84391
5,84401
5,84407
5,84421
5,84431
5,84437
5,84443
5,84449
5,84457
5,84463
5,84467
5,84481
5,84499
5,84503
5,84509
5,84521
5,84523
5,84533
5,84551
5,84559
5,84589
5,84629
5,84631
5,84649
5,84653
5,84659
5,84673
5,84691
5,84697
5,84701
5,84713
5,84719
5,84731
5,84737
5,84751
5,84761
5,84787
5,84793
5,84809
5,84811
5,84827
5,84857
5,84859
5,84869
5,84871
5,84913
5,84919
5,84947
5,84961
5,84967
5,84977
5,84979
5,84991
5,85009
5,85021
5,85027
5,85037
5,85049
5,85061
5,85081
5,85087
5,85091
5,85093
5,85103
5,85109
5,85121
5,85133
5,85147
5,85159
5,85193
5,85199
5,85201
5,85213
5,85223
5,85229
5,85237
5,85243
5,85247
5,85259
5,85297
5,85303
5,85313
5,85331
5,85333
5,85361
5,85363
5,85369
5,85381
5,85411
5,85427
5,85429
5,85439
5,85447
5,85451
5,85453
5,85469
5,85487
5,85513
5,85517
5,85523
5,85531
5,85549
5,85571
5,85577
5,85597
5,85601
5,85607
5,85619
5,85621
5,85627
5,85639
5,85643
5,85661
5,85667
5,85669
5,85691
5,85703
5,85711
5,85717
5,85733
5,85751
5,85781
5,85793
5,85817
5,85819
5,85829
5,85831
5,85837
5,85843
5,85847
5,85853
5,85889
5,85903
5,85909
5,85931
5,85933
5,85991
5,85999
5,86011
5,86017
5,86027
5,86029
5,86069
5,86077
5,86083
5,86111
5,86113
5,86117
5,86131
5,86137
5,86143
5,86161
5,86171
5,86179
5,86183
5,86197
5,86201
5,86209
5,86239
5,86243
5,86249
5,86257
5,86263
5,86269
5,86287
5,86291
5,86293
5,86297
5,86311
5,86323
5,86341
5,86351
5,86353
5,86357
5,86369
5,86371
5,86381
5,86389
5,86399
5,86413
5,86423
5,86441
5,86453
5,86461
5,86467
5,86477
5,86491
5,86501
5,86509
5,86531
5,86533
5,86539
5,86561
5,86573
5,86579
5,86587
5,86599
5,86627
5,86629
5,86677
5,86689
5,86693
5,86711
5,86719
5,86729
5,86743
5,86753
5,86767
5,86771
5,86783
5,86813
5,86837
5,86843
5,86851
5,86857
5,86861
5,86869
5,86923
5,86927
5,86929
5,86939
5,86951
5,86959
5,86969
5,86981
5,86993
5,87011
5,87013
5,87037
5,87041
5,87049
5,87071
5,87083
5,87103
5,87107
5,87119
5,87121
5,87133
5,87149
5,87151
5,87179
5,87181
5,87187
5,87211
5,87221
5,87223
5,87251
5,87253
5,87257
5,87277
5,87281
5,87293
5,87299
5,87313
5,87317
5,87323
5,87337
5,87359
5,87383
5,87403
5,87407
5,87421
5,87427
5,87433
5,87443
5,87473
5,87481
5,87491
5,87509
5,87511
5,87517
5,87523
5,87539
5,87541
5,87547
5,87553
5,87557
5,87559
5,87583
5,87587
5,87589
5,87613
5,87623
5,87629
5,87631
5,87641
5,87643
5,87649
5,87671
5,87679
5,87683
5,87691
5,87697
5,87701
5,87719
5,87721
5,87739
5,87743
5,87751
5,87767
5,87793
5,87797
5,87803
5,87811
5,87833
5,87853
5,87869
5,87877
5,87881
5,87887
5,87911
5,87917
5,87931
5,87943
5,87959
5,87961
5,87973
5,87977
5,87991
5,88001
5,88003
5,88007
5,88019
5,88037
5,88069
5,88079
5,88093
5,88117
5,88129
5,88169
5,88177
5,88211
5,88223
5,88237
5,88241
5,88259
5,88261
5,88289
5,88301
5,88321
5,88327
5,88337
5,88339
5,88379
5,88397
5,88411
5,88423
5,88427
5,88463
5,88469
5,88471
5,88493
5,88499
5,88513
5,88523
5,88547
5,88589
5,88591
5,88607
5,88609
5,88643
5,88651
5,88657
5,88661
5,88663
5,88667
5,88681
5,88721
5,88729
5,88741
5,88747
5,88771
5,88789
5,88793
5,88799
5,88801
5,88807
5,88811
5,88813
5,88817
5,88819
5,88843
5,88853
5,88861
5,88867
5,88873
5,88883
5,88897
5,88903
5,88919
5,88937
5,88951
5,88969
5,88993
5,88997
5,89003
5,89009
5,89017
5,89021
5,89041
5,89051
5,89057
5,89069
5,89071
5,89083
5,89087
5,89101
5,89107
5,89113
5,89119
5,89123
5,89137
5,89153
5,89189
5,89203
5,89209
5,89213
5,89227
5,89231
5,89237
5,89261
5,89269
5,89273
5,89293
5,89303
5,89317
5,89329
5,89363
5,89371
5,89381
5,89387
5,89393
5,89399
5,89413
5,89417
5,89431
5,89443
5,89449
5,89459
5,89477
5,89491
5,89501
5,89513
5,89519
5,89521
5,89527
5,89533
5,89561
5,89563
5,89567
5,89591
5,89597
5,89599
5,89603
5,89611
5,89627
5,89633
5,89653
5,89657
5,89659
5,89669
5,89671
5,89681
5,89689
5,89753
5,89759
5,89767
5,89779
5,89783
5,89797
5,89809
5,89819
5,89821
5,89833
5,89839
5,89849
5,89867
5,89891
5,89897
5,89899
5,89909
5,89917
5,89923
5,89939
5,89959
5,89963
5,89977
5,89983
5,89989
5,90001
5,90007
5,90011
5,90017
5,90019
5,90023
5,90031
5,90053
5,90059
5,90067
5,90071
5,90073
5,90089
5,90107
5,90121
5,90127
5,90149
5,90163
5,90173
5,90187
5,90191
5,90197
5,90199
5,90203
5,90217
5,90227
5,90239
5,90247
5,90263
5,90271
5,90281
5,90289
5,90313
5,90353
5,90359
5,90371
5,90373
5,90379
5,90397
5,90401
5,90403
5,90407
5,90437
5,90439
5,90469
5,90473
5,90481
5,90499
5,90511
5,90523
5,90527
5,90529
5,90533
5,90547
5,90583
5,90599
5,90617
5,90619
5,90631
5,90641
5,90647
5,90659
5,90677
5,90679
5,90697
5,90703
5,90709
5,90731
5,90749
5,90787
5,90793
5,90803
5,90821
5,90823
5,90833
5,90841
5,90847
5,90863
5,90887
5,90901
5,90907
5,90911
5,90917
5,90931
5,90947
5,90971
5,90977
5,90989
5,90997
5,91009
5,91019
5,91033
5,91079
5,91081
5,91097
5,91099
5,91121
5,91127
5,91129
5,91139
5,91141
5,91151
5,91153
5,91159
5,91163
5,91183
5,91193
5,91199
5,91229
5,91237
5,91243
5,91249
5,91253
5,91283
5,91291
5,91297
5,91303
5,91309
5,91331
5,91367
5,91369
5,91373
5,91381
5,91387
5,91393
5,91397
5,91411
5,91423
5,91433
5,91453
5,91457
5,91459
5,91463
5,91493
5,91499
5,91513
5,91529
5,91541
5,91571
5,91573
5,91577
5,91583
5,91591
5,91621
5,91631
5,91639
5,91673
5,91691
5,91703
5,91711
5,91733
5,91753
5,91757
5,91771
5,91781
5,91801
5,91807
5,91811
5,91813
5,91823
5,91837
5,91841
5,91867
5,91873
5,91909
5,91921
5,91939
5,91943
5,91951
5,91957
5,91961
5,91967
5,91969
5,91997
5,92003
5,92009
5,92033
5,92041
5,92051
5,92077
5,92083
5,92107
5,92111
5,92119
5,92143
5,92153
5,92173
5,92177
5,92179
5,92189
5,92203
5,92219
5,92221
5,92227
5,92233
5,92237
5,92243
5,92251
5,92269
5,92297
5,92311
5,92317
5,92333
5,92347
5,92353
5,92357
5,92363
5,92369
5,92377
5,92381
5,92383
5,92387
5,92399
5,92401
5,92413
5,92419
5,92431
5,92459
5,92461
5,92467
5,92479
5,92489
5,92503
5,92507
5,92551
5,92557
5,92567
5,92569
5,92581
5,92593
5,92623
5,92627
5,92639
5,92641
5,92647
5,92657
5,92669
5,92671
5,92681
5,92683
5,92693
5,92699
5,92707
5,92717
5,92723
5,92737
5,92753
5,92761
5,92767
5,92779
5,92789
5,92791
5,92801
5,92809
5,92821
5,92831
5,92849
5,92857
5,92861
5,92863
5,92867
5,92893
5,92899
5,92921
5,92927
5,92941
5,92951
5,92957
5,92959
5,92987
5,92993
5,93001
5,93047
5,93053
5,93059
5,93077
5,93083
5,93089
5,93097
5,93103
5,93113
5,93131
5,93133
5,93139
5,93151
5,93169
5,93179
5,93187
5,93199
5,93229
5,93239
5,93241
5,93251
5,93253
5,93257
5,93263
5,93281
5,93283
5,93287
5,93307
5,93319
5,93323
5,93329
5,93337
5,93371
5,93377
5,93383
5,93407
5,93419
5,93427
5,93463
5,93479
5,93481
5,93487
5,93491
5,93493
5,93497
5,93503
5,93523
5,93529
5,93553
5,93557
5,93559
5,93563
5,93581
5,93601
5,93607
5,93629
5,93637
5,93683
5,93701
5,93703
5,93719
5,93739
5,93761
5,93763
5,93787
5,93809
5,93811
5,93827
5,93851
5,93871
5,93887
5,93889
5,93893
5,93901
5,93911
5,93913
5,93923
5,93937
5,93941
5,93949
5,93967
5,93971
5,93979
5,93983
5,93997
5,94007
5,94009
5,94033
5,94049
5,94057
5,94063
5,94079
5,94099
5,94109
5,94111
5,94117
5,94121
5,94151
5,94153
5,94169
5,94201
5,94207
5,94219
5,94229
5,94253
5,94261
5,94273
5,94291
5,94307
5,94309
5,94321
5,94327
5,94331
5,94343
5,94349
5,94351
5,94379
5,94397
5,94399
5,94421
5,94427
5,94433
5,94439
5,94441
5,94447
5,94463
5,94477
5,94483
5,94513
5,94529
5,94531
5,94541
5,94543
5,94547
5,94559
5,94561
5,94573
5,94583
5,94597
5,94603
5,94613
5,94621
5,94649
5,94651
5,94687
5,94693
5,94709
5,94723
5,94727
5,94747
5,94771
5,94777
5,94781
5,94789
5,94793
5,94811
5,94819
5,94823
5,94837
5,94841
5,94847
5,94849
5,94873
5,94889
5,94903
5,94907
5,94933
5,94949
5,94951
5,94961
5,94993
5,94999
5,95003
5,95009
5,95021
5,95027
5,95063
5,95071
5,95083
5,95087
5,95089
5,95093
5,95101
5,95107
5,95111
5,95131
5,95143
5,95153
5,95177
5,95189
5,95191
5,95203
5,95213
5,95219
5,95231
5,95233
5,95239
5,95257
5,95261
5,95267
5,95273
5,95279
5,95287
5,95311
5,95317
5,95327
5,95339
5,95369
5,95383
5,95393
5,95401
5,95413
5,95419
5,95429
5,95441
5,95443
5,95461
5,95467
5,95471
5,95479
5,95483
5,95507
5,95527
5,95531
5,95539
5,95549
5,95561
5,95569
5,95581
5,95597
5,95603
5,95617
5,95621
5,95629
5,95633
5,95651
5,95701
5,95707
5,95713
5,95717
5,95723
5,95731
5,95737
5,95747
5,95773
5,95783
5,95789
5,95791
5,95801
5,95803
5,95813
5,95819
5,95857
5,95869
5,95873
5,95881
5,95891
5,95911
5,95917
5,95923
5,95929
5,95947
5,95957
5,95959
5,95971
5,95987
5,95989
5,96001
5,96013
5,96017
5,96043
5,96053
5,96059
5,96079
5,96097
5,96137
5,96149
5,96157
5,96167
5,96179
5,96181
5,96199
5,96211
5,96221
5,96223
5,96233
5,96259
5,96263
5,96269
5,96281
5,96289
5,96293
5,96323
5,96329
5,96331
5,96337
5,96353
5,96377
5,96401
5,96419
5,96431
5,96443
5,96451
5,96457
5,96461
5,96469
5,96479
5,96487
5,96493
5,96497
5,96517
5,96527
5,96553
5,96557
5,96581
5,96587
5,96589
5,96601
5,96643
5,96661
5,96667
5,96671
5,96697
5,96703
5,96731
5,96737
5,96739
5,96749
5,96757
5,96763
5,96769
5,96779
5,96787
5,96797
5,96799
5,96821
5,96823
5,96827
5,96847
5,96851
5,96857
5,96893
5,96907
5,96911
5,96931
5,96953
5,96959
5,96973
5,96979
5,96989
5,96997
5,97001
5,97003
5,97007
5,97021
5,97039
5,97073
5,97081
5,97103
5,97117
5,97127
5,97151
5,97157
5,97159
5,97169
5,97171
5,97177
5,97187
5,97213
5,97231
5,97241
5,97259
5,97283
5,97301
5,97303
5,97327
5,97367
5,97369
5,97373
5,97379
5,97381
5,97387
5,97397
5,97423
5,97429
5,97441
5,97453
5,97459
5,97463
5,97499
5,97501
5,97511
5,97523
5,97547
5,97549
5,97553
5,97561
5,97571
5,97577
5,97579
5,97583
5,97607
5,97609
5,97613
5,97649
5,97651
5,97673
5,97687
5,97711
5,97729
5,97771
5,97777
5,97787
5,97789
5,97813
5,97829
5,97841
5,97843
5,97847
5,97849
5,97859
5,97861
5,97871
5,97879
5,97883
5,97919
5,97927
5,97931
5,97943
5,97961
5,97967
5,97973
5,97987
5,98009
5,98011
5,98017
5,98041
5,98047
5,98057
5,98081
5,98101
5,98123
5,98129
5,98143
5,98179
5,98207
5,98213
5,98221
5,98227
5,98251
5,98257
5,98269
5,98297
5,98299
5,98317
5,98321
5,98323
5,98327
5,98347
5,98369
5,98377
5,98387
5,98389
5,98407
5,98411
5,98419
5,98429
5,98443
5,98453
5,98459
5,98467
5,98473
5,98479
5,98491
5,98507
5,98519
5,98533
5,98543
5,98561
5,98563
5,98573
5,98597
5,98621
5,98627
5,98639
5,98641
5,98663
5,98669
5,98689
5,98711
5,98713
5,98717
5,98729
5,98731
5,98737
5,98773
5,98779
5,98801
5,98807
5,98809
5,98837
5,98849
5,98867
5,98869
5,98873
5,98887
5,98893
5,98897
5,98899
5,98909
5,98911
5,98927
5,98929
5,98939
5,98947
5,98953
5,98963
5,98981
5,98993
5,98999
5,99013
5,99017
5,99023
5,99041
5,99053
5,99079
5,99083
5,99089
5,99103
5,99109
5,99119
5,99131
5,99133
5,99137
5,99139
5,99149
5,99173
5,99181
5,99191
5,99223
5,99233
5,99241
5,99251
5,99257
5,99259
5,99277
5,99289
5,99317
5,99347
5,99349
5,99367
5,99371
5,99377
5,99391
5,99397
5,99401
5,99409
5,99431
5,99439
5,99469
5,99487
5,99497
5,99523
5,99527
5,99529
5,99551
5,99559
5,99563
5,99571
5,99577
5,99581
5,99607
5,99611
5,99623
5,99643
5,99661
5,99667
5,99679
5,99689
5,99707
5,99709
5,99713
5,99719
5,99721
5,99733
5,99761
5,99767
5,99787
5,99793
5,99809
5,99817
5,99823
5,99829
5,99833
5,99839
5,99859
5,99871
5,99877
5,99881
5,99901
5,99907
5,99923
5,99929
5,99961
5,99971
5,99989
5,99991
6,100003
6,100019
6,100043
6,100049
6,100057
6,100069
6,100103
6,100109
6,100129
6,100151
6,100153
6,100169
6,100183
6,100189
6,100193
6,100207
6,100213
6,100237
6,100267
6,100271
6,100279
6,100291
6,100297
6,100313
6,100333
6,100343
6,100357
6,100361
6,100363
6,100379
6,100391
6,100393
6,100403
6,100411
6,100417
6,100447
6,100459
6,100469
6,100483
6,100493
6,100501
6,100511
6,100517
6,100519
6,100523
6,100537
6,100547
6,100549
6,100559
6,100591
6,100609
6,100613
6,100621
6,100649
6,100669
6,100673
6,100693
6,100699
6,100703
6,100733
6,100741
6,100747
6,100769
6,100787
6,100799
6,100801
6,100811
6,100823
6,100829
6,100847
6,100853
6,100907
6,100913
6,100927
6,100931
6,100937
6,100943
6,100957
6,100981
6,100987
6,100999
6,101009
6,101021
6,101027
6,101051
6,101063
6,101081
6,101089
6,101107
6,101111
6,101113
6,101117
6,101119
6,101141
6,101149
6,101159
6,101161
6,101173
6,101183
6,101197
6,101203
6,101207
6,101209
6,101221
6,101267
6,101273
6,101279
6,101281
6,101287
6,101293
6,101323
6,101333
6,101341
6,101347
6,101359
6,101363
6,101377
6,101383
6,101399
6,101411
6,101419
6,101429
6,101449
6,101467
6,101477
6,101483
6,101489
6,101501
6,101503
6,101513
6,101527
6,101531
6,101533
6,101537
6,101561
6,101573
6,101581
6,101599
6,101603
6,101611
6,101627
6,101641
6,101653
6,101663
6,101681
6,101693
6,101701
6,101719
6,101723
6,101737
6,101741
6,101747
6,101749
6,101771
6,101789
6,101797
6,101807
6,101833
6,101837
6,101839
6,101863
6,101869
6,101873
6,101879
6,101891
6,101917
6,101921
6,101929
6,101939
6,101957
6,101963
6,101977
6,101987
6,101999
6,102001
6,102013
6,102019
6,102023
6,102031
6,102043
6,102059
6,102061
6,102071
6,102077
6,102079
6,102101
6,102103
6,102107
6,102121
6,102139
6,102149
6,102161
6,102181
6,102191
6,102197
6,102199
6,102203
6,102217
6,102229
6,102233
6,102241
6,102251
6,102253
6,102259
6,102293
6,102299
6,102301
6,102317
6,102329
6,102337
6,102359
6,102367
6,102397
6,102407
6,102409
6,102433
6,102437
6,102451
6,102461
6,102481
6,102497
6,102499
6,102503
6,102523
6,102533
6,102539
6,102547
6,102551
6,102559
6,102563
6,102587
6,102593
6,102607
6,102611
6,102643
6,102647
6,102653
6,102667
6,102673
6,102677
6,102679
6,102701
6,102761
6,102763
6,102769
6,102793
6,102797
6,102811
6,102829
6,102841
6,102859
6,102871
6,102877
6,102881
6,102911
6,102913
6,102929
6,102931
6,102953
6,102967
6,102983
6,103001
6,103007
6,103043
6,103049
6,103067
6,103069
6,103079
6,103087
6,103091
6,103093
6,103099
6,103123
6,103141
6,103171
6,103177
6,103183
6,103217
6,103231
6,103237
6,103289
6,103291
6,103307
6,103319
6,103333
6,103349
6,103357
6,103387
6,103391
6,103393
6,103399
6,103409
6,103421
6,103423
6,103451
6,103457
6,103471
6,103483
6,103511
6,103529
6,103549
6,103553
6,103561
6,103567
6,103573
6,103577
6,103583
6,103591
6,103613
6,103619
6,103643
6,103651
6,103657
6,103669
6,103681
6,103687
6,103699
6,103703
6,103723
6,103769
6,103787
6,103801
6,103811
6,103813
6,103837
6,103841
6,103843
6,103867
6,103889
6,103903
6,103913
6,103919
6,103951
6,103963
6,103967
6,103969
6,103979
6,103981
6,103991
6,103993
6,103997
6,104003
6,104009
6,104021
6,104033
6,104047
6,104053
6,104059
6,104087
6,104089
6,104107
6,104113
6,104119
6,104123
6,104147
6,104149
6,104161
6,104173
6,104179
6,104183
6,104207
6,104231
6,104233
6,104239
6,104243
6,104281
6,104287
6,104297
6,104309
6,104311
6,104323
6,104327
6,104347
6,104369
6,104381
6,104383
6,104393
6,104399
6,104417
6,104459
6,104471
6,104473
6,104479
6,104491
6,104513
6,104527
6,104537
6,104543
6,104549
6,104551
6,104561
6,104579
6,104593
6,104597
6,104623
6,104639
6,104651
6,104659
6,104677
6,104681
6,104683
6,104693
6,104701
6,104707
6,104711
6,104717
6,104723
6,104729